text,metric,expert_id,value,freq
bible,reap,152,38.44257284997939,705525.0
bible,reap,104,32.28715893502762,800863.0
bible,reap,93,25.70797698596081,1111427.0
bible,reap,132,16.800383542333066,1837189.0
bible,reap,29,15.827705900126226,1103835.0
bible,reap,89,10.675912082855653,2335180.0
bible,reap,99,10.470828027807263,1873038.0
bible,reap,160,10.408390857597329,1657412.0
bible,reap,246,10.079751039337443,1617478.0
bible,reap,171,9.949699930021993,1854641.0
bible,reap,26,9.134428830817185,1011424.0
bible,reap,249,8.925485973091654,2245450.0
bible,reap,216,8.437815663245791,866765.0
bible,reap,20,8.372102676109712,2101689.0
bible,reap,140,7.617419589658693,856484.0
bible,reap,80,7.6173657278661056,1761248.0
bible,reap,10,7.475071428347275,1569299.0
bible,reap,119,7.447180760196642,1404519.0
bible,reap,129,7.4203964749364975,1241267.0
bible,reap,122,7.248895503360675,1294164.0
bible,reap,0,6.964102823593336,1599166.0
bible,reap,154,6.921231579194274,808736.0
bible,reap,186,6.821653627924684,1509787.0
bible,reap,123,6.7991807520003205,1750205.0
bible,reap,148,6.798729875447689,1890738.0
bible,reap,231,6.797506206231113,1561240.0
bible,reap,236,6.7942371080357615,1164187.0
bible,reap,176,6.535562809497444,1216125.0
bible,reap,34,6.445115882865288,710453.0
bible,reap,87,6.3000551523703106,1618234.0
bible,actnorm,152,53.916696239346614,705525.0
bible,actnorm,132,51.88772049943307,1837189.0
bible,actnorm,104,51.32171675937151,800863.0
bible,actnorm,160,45.59678006007997,1657412.0
bible,actnorm,93,40.95012177408431,1111427.0
bible,actnorm,140,40.357000339657326,856484.0
bible,actnorm,99,39.447358157372754,1873038.0
bible,actnorm,80,38.29371821267153,1761248.0
bible,actnorm,10,36.953528816304896,1569299.0
bible,actnorm,119,36.636905485375905,1404519.0
bible,actnorm,126,36.23095041501268,768169.0
bible,actnorm,122,36.07194979010874,1294164.0
bible,actnorm,249,35.746533532459395,2245450.0
bible,actnorm,29,35.6710915249014,1103835.0
bible,actnorm,176,35.00882530471299,1216125.0
bible,actnorm,89,34.75698816222066,2335180.0
bible,actnorm,129,34.49604406307863,1241267.0
bible,actnorm,81,34.153941989022286,1127196.0
bible,actnorm,246,34.05707610041395,1617478.0
bible,actnorm,26,33.87061040633969,1011424.0
bible,actnorm,212,33.84703184398856,1005855.0
bible,actnorm,171,32.23573887003614,1854641.0
bible,actnorm,118,31.857822396435957,1551752.0
bible,actnorm,236,31.692426199924984,1164187.0
bible,actnorm,83,31.434526580872845,1515171.0
bible,actnorm,146,31.293530866135068,1000297.0
bible,actnorm,149,30.941690883701586,903777.0
bible,actnorm,34,30.53074338796232,710453.0
bible,actnorm,7,30.462288377279368,856532.0
bible,actnorm,101,30.092403274559302,2222907.0
bible,gate,132,1176.3351959700005,1837189.0
bible,gate,20,1086.4866129200009,2101689.0
bible,gate,250,984.3728489399934,1909224.0
bible,gate,89,981.9618876700081,2335180.0
bible,gate,153,952.4782131100075,3062309.0
bible,gate,246,918.1959918200056,1617478.0
bible,gate,99,877.7149206399962,1873038.0
bible,gate,249,871.0790596100064,2245450.0
bible,gate,171,773.5551287399962,1854641.0
bible,gate,204,744.0378088300046,1979634.0
bible,gate,78,739.647797369998,2495261.0
bible,gate,31,667.8385440500036,2001113.0
bible,gate,160,633.4598090000004,1657412.0
bible,gate,0,598.3019935700034,1599166.0
bible,gate,123,543.5331707199952,1750205.0
bible,gate,102,510.5334301499961,1635607.0
bible,gate,186,510.0128364499993,1509787.0
bible,gate,231,509.5879436700036,1561240.0
bible,gate,65,478.70874265000384,1880713.0
bible,gate,148,435.5369082300006,1890738.0
bible,gate,70,423.65108437999885,2001186.0
bible,gate,155,400.4253654799949,1682142.0
bible,gate,87,392.9443231300007,1618234.0
bible,gate,176,378.6015314199974,1216125.0
bible,gate,240,345.0766545999988,1927515.0
bible,gate,202,343.0775518300034,1139359.0
bible,gate,220,341.7102947700002,1754392.0
bible,gate,205,297.4201449600024,1611085.0
bible,gate,57,294.2191819899988,1463715.0
bible,gate,85,293.88528028999843,1384610.0
quran,reap,14,17.52388331713411,186417.0
quran,reap,164,16.546311784921183,169246.0
quran,reap,132,15.429697369331118,402374.0
quran,reap,166,13.032132473697411,355294.0
quran,reap,10,11.002180263723417,349433.0
quran,reap,99,10.987970386249081,416726.0
quran,reap,160,10.64044543625106,654949.0
quran,reap,245,10.538034551524925,500115.0
quran,reap,246,10.522505318377013,435037.0
quran,reap,93,10.249496726283272,367864.0
quran,reap,249,9.466200168068557,506782.0
quran,reap,66,9.331808161962943,423623.0
quran,reap,139,9.129167317351657,442033.0
quran,reap,72,8.849311076093064,365278.0
quran,reap,152,8.044195161578351,381595.0
quran,reap,32,8.039993563210357,422701.0
quran,reap,212,7.805349350228607,244345.0
quran,reap,171,7.612055978266807,374850.0
quran,reap,148,7.0512193310146385,537637.0
quran,reap,101,6.33209170784467,399725.0
quran,reap,129,6.269470851567399,273483.0
quran,reap,63,6.218577414704205,184922.0
quran,reap,216,6.10777389027062,397665.0
quran,reap,78,5.88715002640075,537362.0
quran,reap,255,5.732121427061671,458918.0
quran,reap,193,5.546564244871114,192804.0
quran,reap,79,5.416787899454525,129135.0
quran,reap,236,5.236944082568848,280215.0
quran,reap,153,5.180092967205109,853966.0
quran,reap,87,5.151792594726648,333234.0
quran,actnorm,118,47.362909310882394,378674.0
quran,actnorm,132,47.16255818681957,402374.0
quran,actnorm,14,46.39490087854807,186417.0
quran,actnorm,160,40.75689548393959,654949.0
quran,actnorm,80,40.27859148868615,443341.0
quran,actnorm,10,39.234033833020064,349433.0
quran,actnorm,212,38.52339307404461,244345.0
quran,actnorm,164,37.76160862432929,169246.0
quran,actnorm,63,37.53293460563021,184922.0
quran,actnorm,249,36.932825571241565,506782.0
quran,actnorm,99,34.88119013648213,416726.0
quran,actnorm,246,34.14187635441967,435037.0
quran,actnorm,104,34.035440677069495,189878.0
quran,actnorm,171,33.6424636514925,374850.0
quran,actnorm,149,33.40539919199332,292298.0
quran,actnorm,119,33.32675883013226,307168.0
quran,actnorm,166,33.23261026645465,355294.0
quran,actnorm,228,33.12775808806948,418610.0
quran,actnorm,122,32.8029846419423,277190.0
quran,actnorm,129,32.530200320801065,273483.0
quran,actnorm,114,32.26576855147217,382979.0
quran,actnorm,245,31.270962732327025,500115.0
quran,actnorm,140,30.817114261302635,234511.0
quran,actnorm,89,30.17424728101794,389621.0
quran,actnorm,51,30.037758043803457,256261.0
quran,actnorm,186,29.98495500383178,330283.0
quran,actnorm,148,29.982106807803177,537637.0
quran,actnorm,73,29.69654083855351,196486.0
quran,actnorm,93,29.430336156950585,367864.0
quran,actnorm,101,29.35153629106489,399725.0
quran,gate,0,,542080.0
quran,gate,162,,159297.0
quran,gate,163,,189175.0
quran,gate,164,,169246.0
quran,gate,165,,214324.0
quran,gate,166,,355294.0
quran,gate,167,,177738.0
quran,gate,168,,186441.0
quran,gate,169,,177686.0
quran,gate,170,,169607.0
quran,gate,171,,374850.0
quran,gate,172,,508878.0
quran,gate,173,,216369.0
quran,gate,174,,382757.0
quran,gate,161,,831459.0
quran,gate,175,,210538.0
quran,gate,177,,192953.0
quran,gate,178,,420473.0
quran,gate,179,,116900.0
quran,gate,180,,278426.0
quran,gate,181,,193865.0
quran,gate,182,,193445.0
quran,gate,183,,195177.0
quran,gate,184,,196345.0
quran,gate,185,,321587.0
quran,gate,186,,330283.0
quran,gate,187,,188406.0
quran,gate,188,,159673.0
quran,gate,189,,322188.0
quran,gate,176,,316695.0
tao,reap,152,230.25822352524747,7280.0
tao,reap,104,173.4077199998591,9248.0
tao,reap,29,57.79324022217433,16814.0
tao,reap,93,56.80230016910807,32209.0
tao,reap,216,37.895202308723476,9330.0
tao,reap,26,28.543010143169326,15161.0
tao,reap,154,15.705242791266661,17795.0
tao,reap,233,14.933392608336312,11733.0
tao,reap,73,11.816520018229635,14319.0
tao,reap,163,11.660832115650821,19990.0
tao,reap,80,10.73584004907817,24690.0
tao,reap,25,9.416574098518174,24780.0
tao,reap,148,9.193848962560203,23717.0
tao,reap,207,8.916760146648537,28313.0
tao,reap,121,8.680409094054108,10091.0
tao,reap,129,8.489798081376785,12551.0
tao,reap,64,8.14653423675899,10506.0
tao,reap,122,8.131735808324596,15638.0
tao,reap,254,8.031217157116663,19793.0
tao,reap,36,7.973984431599904,21939.0
tao,reap,118,7.919500258921231,21191.0
tao,reap,181,7.795001202939957,19286.0
tao,reap,246,7.782783154205479,31031.0
tao,reap,132,7.760593172201778,15969.0
tao,reap,205,7.573967079351796,21706.0
tao,reap,119,7.487374810925203,15694.0
tao,reap,34,7.384639416567614,8682.0
tao,reap,160,7.293325176333478,21069.0
tao,reap,10,6.79119993991806,20503.0
tao,reap,140,6.578428269751259,22915.0
tao,actnorm,152,260.0151292971569,7280.0
tao,actnorm,104,203.11657198785088,9248.0
tao,actnorm,126,129.85696565207846,8574.0
tao,actnorm,176,90.52341625516131,12160.0
tao,actnorm,29,86.19012875953496,16814.0
tao,actnorm,26,78.52378403013007,15161.0
tao,actnorm,93,76.56201581839402,32209.0
tao,actnorm,216,74.97338673206748,9330.0
tao,actnorm,81,68.46701145381115,12380.0
tao,actnorm,73,55.82077027666661,14319.0
tao,actnorm,80,45.154973105429754,24690.0
tao,actnorm,233,44.335717137760184,11733.0
tao,actnorm,122,40.18424222804458,15638.0
tao,actnorm,132,40.05254406791522,15969.0
tao,actnorm,160,39.933736058442726,21069.0
tao,actnorm,119,39.44411556023642,15694.0
tao,actnorm,129,37.848307533115324,12551.0
tao,actnorm,43,37.4786927912851,18738.0
tao,actnorm,41,37.267123843682846,7372.0
tao,actnorm,118,36.38157872438822,21191.0
tao,actnorm,140,36.121069660245695,22915.0
tao,actnorm,148,35.319358439751625,23717.0
tao,actnorm,10,35.12541119583281,20503.0
tao,actnorm,14,34.85339111777679,11654.0
tao,actnorm,99,34.8006882574344,19364.0
tao,actnorm,34,34.25154646829993,8682.0
tao,actnorm,207,33.96889048576412,28313.0
tao,actnorm,175,33.347908818174645,17296.0
tao,actnorm,101,32.72370971153095,15833.0
tao,actnorm,154,32.511487937899986,17795.0
tao,gate,25,70.53362770000017,24780.0
tao,gate,163,66.64915361000003,19990.0
tao,gate,193,60.23273260000001,23610.0
tao,gate,213,53.891226570000036,32766.0
tao,gate,246,52.61915558,31031.0
tao,gate,171,51.74165608000013,37887.0
tao,gate,215,49.82270885000019,31074.0
tao,gate,207,49.78395652000005,28313.0
tao,gate,31,41.558776460000026,19216.0
tao,gate,115,40.8022288500001,20648.0
tao,gate,181,39.28717437000009,19286.0
tao,gate,36,37.779498990000015,21939.0
tao,gate,148,37.53296614999995,23717.0
tao,gate,228,37.4796158700001,31789.0
tao,gate,98,36.06956852000004,35788.0
tao,gate,80,33.370938349999946,24690.0
tao,gate,204,32.54003555000003,23909.0
tao,gate,249,31.881521310000053,32078.0
tao,gate,254,31.84890223999998,19793.0
tao,gate,247,31.734446730000023,22619.0
tao,gate,135,31.47615147000005,21507.0
tao,gate,78,29.201935740000057,28347.0
tao,gate,7,27.93625534999995,22715.0
tao,gate,226,26.386391189999976,20448.0
tao,gate,118,25.92028093999993,21191.0
tao,gate,178,24.326823690000037,22919.0
tao,gate,153,24.206305790000023,25424.0
tao,gate,190,24.026253010000005,17556.0
tao,gate,154,23.99095020999996,17795.0
tao,gate,87,23.502261980000103,17924.0
gita,reap,152,24.267147228325335,16863.0
gita,reap,104,19.199715274865202,21512.0
gita,reap,10,14.607559535501222,42307.0
gita,reap,164,12.417366930042522,16928.0
gita,reap,160,12.356383489761358,51623.0
gita,reap,132,12.29228203769949,46368.0
gita,reap,93,11.401486623553676,46127.0
gita,reap,29,10.701088466604313,31434.0
gita,reap,182,10.505608217497773,43917.0
gita,reap,80,9.61255188470865,54007.0
gita,reap,15,9.493496454112403,55211.0
gita,reap,212,8.989697363312313,36310.0
gita,reap,246,8.820975604053887,61610.0
gita,reap,63,8.606316360260342,21894.0
gita,reap,129,8.460655339513853,38918.0
gita,reap,51,8.407450899721503,47792.0
gita,reap,83,7.437674170043713,77325.0
gita,reap,169,7.3223205805816365,42673.0
gita,reap,73,7.299190543190829,48072.0
gita,reap,211,7.269678905390698,51778.0
gita,reap,228,7.04609186041328,63952.0
gita,reap,207,7.032126595602109,81812.0
gita,reap,103,6.990836738312087,44167.0
gita,reap,189,6.7751666512189495,57295.0
gita,reap,180,6.773608881844012,54094.0
gita,reap,233,6.621105815931581,17363.0
gita,reap,148,6.607584873350397,44935.0
gita,reap,154,6.547987553667651,17120.0
gita,reap,216,6.523133218417617,19180.0
gita,reap,118,6.4246066387097205,36186.0
gita,actnorm,10,52.14651783926296,42307.0
gita,actnorm,63,49.051125195399656,21894.0
gita,actnorm,160,45.75655560131533,51623.0
gita,actnorm,152,45.19223695858447,16863.0
gita,actnorm,212,44.629631275924,36310.0
gita,actnorm,132,43.58396701723043,46368.0
gita,actnorm,80,42.31894649493749,54007.0
gita,actnorm,73,41.737896100962324,48072.0
gita,actnorm,104,38.83875208644427,21512.0
gita,actnorm,129,37.527444062676935,38918.0
gita,actnorm,43,36.86037437279216,38443.0
gita,actnorm,169,36.65534232729737,42673.0
gita,actnorm,15,36.55989317591059,55211.0
gita,actnorm,118,36.311407054219046,36186.0
gita,actnorm,148,36.21897825593964,44935.0
gita,actnorm,122,35.14905465681379,30770.0
gita,actnorm,66,34.95661260933862,41397.0
gita,actnorm,249,34.25743983007932,53695.0
gita,actnorm,228,34.189055387935674,63952.0
gita,actnorm,233,33.375120958109214,17363.0
gita,actnorm,246,33.01591470636323,61610.0
gita,actnorm,40,32.96671315775977,22118.0
gita,actnorm,126,32.5624612393964,15308.0
gita,actnorm,99,32.5448121154642,43538.0
gita,actnorm,14,31.976778023883718,13518.0
gita,actnorm,207,31.427107395125045,81812.0
gita,actnorm,171,30.584709568797482,38735.0
gita,actnorm,164,30.446084654410427,16928.0
gita,actnorm,29,29.88773048971656,31434.0
gita,actnorm,111,29.716226976172077,50505.0
gita,gate,83,18.28400520999999,77325.0
gita,gate,182,16.90727877,43917.0
gita,gate,237,15.591387549999984,84320.0
gita,gate,51,14.934570339999992,47792.0
gita,gate,250,14.515173880000011,76369.0
gita,gate,90,14.13160176999999,77175.0
gita,gate,86,13.377356799999992,48690.0
gita,gate,15,13.017294919999996,55211.0
gita,gate,103,12.576551190000007,44167.0
gita,gate,246,12.29680752,61610.0
gita,gate,7,12.125614920000013,59395.0
gita,gate,160,11.816681650000008,51623.0
gita,gate,207,11.437394539999994,81812.0
gita,gate,112,11.43256365999998,56704.0
gita,gate,62,10.98514018000001,58250.0
gita,gate,180,10.476964659999986,54094.0
gita,gate,189,10.415485719999985,57295.0
gita,gate,10,10.030224620000002,42307.0
gita,gate,228,9.195231009999997,63952.0
gita,gate,132,9.173040470000002,46368.0
gita,gate,211,9.047085350000016,51778.0
gita,gate,65,8.648678530000009,64589.0
gita,gate,26,7.54934441,77349.0
gita,gate,80,7.319193079999999,54007.0
gita,gate,56,7.221173449999999,55529.0
gita,gate,204,6.848548450000001,53777.0
gita,gate,153,6.697313689999998,47451.0
gita,gate,140,5.741510720000005,51827.0
gita,gate,9,5.390398880000004,41055.0
gita,gate,210,5.342058449999996,99675.0
dhamma,reap,104,43.06532542767867,10537.0
dhamma,reap,152,35.19025708818907,7819.0
dhamma,reap,33,32.896626323737486,7216.0
dhamma,reap,29,24.722174835644118,18024.0
dhamma,reap,93,15.913194470737926,23011.0
dhamma,reap,169,14.884198130143478,25304.0
dhamma,reap,160,13.666239363480768,22880.0
dhamma,reap,216,13.285103714252802,10031.0
dhamma,reap,182,11.737078370617859,24714.0
dhamma,reap,148,10.102091994538622,28112.0
dhamma,reap,233,9.956348125112624,9899.0
dhamma,reap,132,8.921988721361878,21250.0
dhamma,reap,246,8.828046354951573,28706.0
dhamma,reap,251,8.501838589471683,23679.0
dhamma,reap,7,8.441881047543248,28908.0
dhamma,reap,249,8.375044163423707,33303.0
dhamma,reap,172,8.241126880674257,28461.0
dhamma,reap,73,8.079414039429766,21763.0
dhamma,reap,118,7.668322782642156,19363.0
dhamma,reap,211,7.3927158328351945,28894.0
dhamma,reap,51,7.38515359002621,31288.0
dhamma,reap,80,7.307175792053175,27377.0
dhamma,reap,154,7.260975331617557,16970.0
dhamma,reap,122,7.256151668434539,17656.0
dhamma,reap,34,7.218046494605574,11523.0
dhamma,reap,26,6.923712815590163,51639.0
dhamma,reap,129,6.576032018321537,15967.0
dhamma,reap,250,6.449102639371052,34184.0
dhamma,reap,140,6.418990751418282,27357.0
dhamma,reap,10,6.338778869951258,20104.0
dhamma,actnorm,104,66.62766182740903,10537.0
dhamma,actnorm,152,66.57077390055885,7819.0
dhamma,actnorm,33,62.85590252261084,7216.0
dhamma,actnorm,160,52.62797461937848,22880.0
dhamma,actnorm,29,46.192379065516526,18024.0
dhamma,actnorm,80,43.49866022964165,27377.0
dhamma,actnorm,73,43.255485664309575,21763.0
dhamma,actnorm,169,42.75318415101132,25304.0
dhamma,actnorm,132,40.106215072975054,21250.0
dhamma,actnorm,233,39.76725390234372,9899.0
dhamma,actnorm,14,38.4535637522555,9457.0
dhamma,actnorm,122,37.06437560359088,17656.0
dhamma,actnorm,148,36.96394478193085,28112.0
dhamma,actnorm,10,36.749248808129224,20104.0
dhamma,actnorm,118,36.718373718211055,19363.0
dhamma,actnorm,249,36.28768901563375,33303.0
dhamma,actnorm,34,35.23527668960251,11523.0
dhamma,actnorm,216,34.53451162606122,10031.0
dhamma,actnorm,93,34.28765420023298,23011.0
dhamma,actnorm,129,33.74187748706893,15967.0
dhamma,actnorm,43,33.621818940284214,23609.0
dhamma,actnorm,246,33.24242271865706,28706.0
dhamma,actnorm,140,32.922454911257844,27357.0
dhamma,actnorm,251,32.346736437480054,23679.0
dhamma,actnorm,99,32.02979248573029,22421.0
dhamma,actnorm,176,31.93632522848056,24456.0
dhamma,actnorm,212,31.73877037757257,13916.0
dhamma,actnorm,101,31.480671180115596,14965.0
dhamma,actnorm,236,31.14567333063898,19579.0
dhamma,actnorm,211,30.787984902421254,28894.0
dhamma,gate,172,25.635021159999997,28461.0
dhamma,gate,182,24.917934499999976,24714.0
dhamma,gate,7,23.947353590000013,28908.0
dhamma,gate,86,22.629673289999992,23975.0
dhamma,gate,51,22.33073309000004,31288.0
dhamma,gate,169,21.923129150000037,25304.0
dhamma,gate,161,17.804343970000005,36531.0
dhamma,gate,250,17.440062410000003,34184.0
dhamma,gate,246,15.429684590000004,28706.0
dhamma,gate,32,14.96183692,29467.0
dhamma,gate,148,14.364475620000004,28112.0
dhamma,gate,160,13.965071939999996,22880.0
dhamma,gate,56,13.704933150000015,39480.0
dhamma,gate,130,13.630621780000018,22618.0
dhamma,gate,210,12.827067840000014,40249.0
dhamma,gate,141,12.552749200000003,24418.0
dhamma,gate,249,12.260456580000017,33303.0
dhamma,gate,19,11.824218219999997,46056.0
dhamma,gate,26,11.193585679999982,51639.0
dhamma,gate,254,11.074068549999998,24243.0
dhamma,gate,251,11.033544289999988,23679.0
dhamma,gate,91,10.509024099999992,25946.0
dhamma,gate,211,10.220861149999994,28894.0
dhamma,gate,65,9.85714312000001,30085.0
dhamma,gate,83,9.57715366,34985.0
dhamma,gate,229,8.917531560000006,26084.0
dhamma,gate,140,8.735865129999993,27357.0
dhamma,gate,207,7.9500841400000155,43868.0
dhamma,gate,153,7.283679540000008,29586.0
dhamma,gate,132,7.277953270000006,21250.0
bofm,reap,160,12.243869457406957,516797.0
bofm,reap,246,10.016001937970449,531712.0
bofm,reap,249,8.146884847801177,650699.0
bofm,reap,122,7.440209834584407,497313.0
bofm,reap,129,7.260830208390491,312566.0
bofm,reap,119,7.1807485567574885,506896.0
bofm,reap,148,6.936448084962256,526113.0
bofm,reap,34,6.6251386559435375,282014.0
bofm,reap,190,6.407170917295966,265418.0
bofm,reap,212,6.261723826619519,408566.0
bofm,reap,82,6.089200182255344,620472.0
bofm,reap,171,5.988940918596399,494766.0
bofm,reap,146,5.958676630605667,363890.0
bofm,reap,63,5.916466683735602,243813.0
bofm,reap,59,5.8073734676978646,361386.0
bofm,reap,202,5.780817770582477,353716.0
bofm,reap,123,5.765357076534539,551533.0
bofm,reap,108,5.658987628391147,193474.0
bofm,reap,231,5.51484792804874,509982.0
bofm,reap,78,5.473059600735243,892357.0
bofm,reap,10,5.3696399479585,397260.0
bofm,reap,101,5.366740057102538,786097.0
bofm,reap,14,5.290405974087525,433528.0
bofm,reap,104,5.159976254387533,337365.0
bofm,reap,93,5.077700821908761,299345.0
bofm,reap,79,5.069206456454501,185249.0
bofm,reap,193,4.993960888191234,274674.0
bofm,reap,32,4.9416504253031714,482515.0
bofm,reap,29,4.935519863358044,366582.0
bofm,reap,211,4.912457609826883,454314.0
bofm,actnorm,160,49.157463873008446,516797.0
bofm,actnorm,132,44.75411373355775,606738.0
bofm,actnorm,99,40.440213422607506,581410.0
bofm,actnorm,140,39.876128150142215,397658.0
bofm,actnorm,249,38.284382901958175,650699.0
bofm,actnorm,63,37.505684757220536,243813.0
bofm,actnorm,80,37.09494128017676,641398.0
bofm,actnorm,122,35.708388430108016,497313.0
bofm,actnorm,119,35.4813767368901,506896.0
bofm,actnorm,118,34.261666899809164,574608.0
bofm,actnorm,129,34.02620492148791,312566.0
bofm,actnorm,212,32.917287752821224,408566.0
bofm,actnorm,10,32.55696845676317,397260.0
bofm,actnorm,34,31.88506005656524,282014.0
bofm,actnorm,146,31.840582931732747,363890.0
bofm,actnorm,246,31.65213279578506,531712.0
bofm,actnorm,51,31.092195869364584,396979.0
bofm,actnorm,89,31.018015508512512,850730.0
bofm,actnorm,14,30.76374301941933,433528.0
bofm,actnorm,54,30.552044481134015,757520.0
bofm,actnorm,149,29.79751817201349,333071.0
bofm,actnorm,148,29.711568304323755,526113.0
bofm,actnorm,79,29.510783163361662,185249.0
bofm,actnorm,236,29.501486208976257,421772.0
bofm,actnorm,59,29.41369393053803,361386.0
bofm,actnorm,155,29.118571570104212,619454.0
bofm,actnorm,171,28.997399499521848,494766.0
bofm,actnorm,190,28.938079877539618,265418.0
bofm,actnorm,85,28.792948447516746,548774.0
bofm,actnorm,101,28.695948561162126,786097.0
bofm,gate,0,,518036.0
bofm,gate,162,,276948.0
bofm,gate,163,,303879.0
bofm,gate,164,,267624.0
bofm,gate,165,,232504.0
bofm,gate,166,,182354.0
bofm,gate,167,,249044.0
bofm,gate,168,,339356.0
bofm,gate,169,,224706.0
bofm,gate,170,,184945.0
bofm,gate,171,,494766.0
bofm,gate,172,,330620.0
bofm,gate,173,,322795.0
bofm,gate,174,,504820.0
bofm,gate,161,,230871.0
bofm,gate,175,,310222.0
bofm,gate,177,,287712.0
bofm,gate,178,,224742.0
bofm,gate,179,,158892.0
bofm,gate,180,,288415.0
bofm,gate,181,,276864.0
bofm,gate,182,,229965.0
bofm,gate,183,,247236.0
bofm,gate,184,,293486.0
bofm,gate,185,,380544.0
bofm,gate,186,,504448.0
bofm,gate,187,,224545.0
bofm,gate,188,,256349.0
bofm,gate,189,,389269.0
bofm,gate,176,,439060.0
analects,reap,152,25.175961932262293,23078.0
analects,reap,104,19.451141489751315,24408.0
analects,reap,163,10.031945087300077,66676.0
analects,reap,207,9.728847160398118,81003.0
analects,reap,80,9.045371327662993,73273.0
analects,reap,171,8.723091222800898,115099.0
analects,reap,93,8.670476840595294,90997.0
analects,reap,36,8.248261728500758,67387.0
analects,reap,118,8.033145990998118,62457.0
analects,reap,73,7.862085641140839,45300.0
analects,reap,29,7.823624344020727,56915.0
analects,reap,148,7.765151905643008,73342.0
analects,reap,25,7.74491132973479,74732.0
analects,reap,122,7.5556805614264215,51121.0
analects,reap,78,7.450240197021272,96229.0
analects,reap,129,7.1912757194849,40555.0
analects,reap,83,7.18527974341417,70717.0
analects,reap,212,7.14368096434991,37180.0
analects,reap,246,7.071853818302701,97378.0
analects,reap,87,7.028867299780239,60336.0
analects,reap,216,6.817835459862676,22283.0
analects,reap,181,6.800149304788504,60236.0
analects,reap,140,6.723770742025378,49334.0
analects,reap,44,6.686723206335752,58162.0
analects,reap,249,6.608660406240049,102209.0
analects,reap,135,6.52724704570205,66790.0
analects,reap,34,6.334713871535053,25947.0
analects,reap,119,6.3310422630366725,44664.0
analects,reap,193,6.318106467951699,69692.0
analects,reap,247,6.0132383624695676,64898.0
analects,actnorm,152,43.621589143404066,23078.0
analects,actnorm,80,41.814392135199434,73273.0
analects,actnorm,104,40.40702760774379,24408.0
analects,actnorm,73,39.386079693007495,45300.0
analects,actnorm,140,39.31168207159808,49334.0
analects,actnorm,122,37.9710651730324,51121.0
analects,actnorm,160,37.789610885345745,47219.0
analects,actnorm,212,37.17859063209386,37180.0
analects,actnorm,207,36.35741104349296,81003.0
analects,actnorm,44,36.30508288297256,58162.0
analects,actnorm,118,36.24576890830153,62457.0
analects,actnorm,83,36.171907927342744,70717.0
analects,actnorm,129,36.03539608993422,40555.0
analects,actnorm,41,34.725451229907776,24725.0
analects,actnorm,54,34.62894328596324,57197.0
analects,actnorm,119,34.0013752569732,44664.0
analects,actnorm,132,32.89934016289804,36787.0
analects,actnorm,99,32.6356349749926,43529.0
analects,actnorm,148,32.612191344968394,73342.0
analects,actnorm,126,32.178501352831866,24814.0
analects,actnorm,10,31.56541048945556,53670.0
analects,actnorm,150,31.535256961653072,48444.0
analects,actnorm,249,31.164455080283467,102209.0
analects,actnorm,163,30.928028418949562,66676.0
analects,actnorm,34,30.843133591985197,25947.0
analects,actnorm,14,30.813637011274455,48742.0
analects,actnorm,84,30.811657659793696,55551.0
analects,actnorm,240,30.61758279768204,49453.0
analects,actnorm,123,30.586843024458968,44907.0
analects,actnorm,43,30.506276037182236,32359.0
analects,gate,171,19.9263272,115099.0
analects,gate,193,15.78613006000002,69692.0
analects,gate,25,15.410347960000017,74732.0
analects,gate,163,15.06568528999998,66676.0
analects,gate,78,13.901866160000012,96229.0
analects,gate,246,13.36194884,97378.0
analects,gate,207,12.286921149999992,81003.0
analects,gate,213,11.656387640000009,101831.0
analects,gate,36,10.892567569999992,67387.0
analects,gate,31,10.108820979999999,59082.0
analects,gate,98,9.866820980000007,113817.0
analects,gate,135,9.691363170000006,66790.0
analects,gate,249,9.670619079999993,102209.0
analects,gate,115,9.632418789999988,65558.0
analects,gate,247,8.776214159999999,64898.0
analects,gate,245,8.147912199999993,80510.0
analects,gate,181,8.122619119999985,60236.0
analects,gate,148,8.110419389999993,73342.0
analects,gate,204,7.754984219999998,74239.0
analects,gate,87,7.306265850000004,60336.0
analects,gate,228,7.027466400000008,90641.0
analects,gate,118,6.974872499999995,62457.0
analects,gate,65,6.594710119999999,108988.0
analects,gate,80,6.431077429999994,73273.0
analects,gate,151,6.2505405099999995,58519.0
analects,gate,190,5.944420659999996,58004.0
analects,gate,83,5.443534800000005,70717.0
analects,gate,92,5.432490709999994,104688.0
analects,gate,254,5.285868409999994,57421.0
analects,gate,131,5.229693600000001,60710.0
upanishads,reap,14,309.68123420508215,13410.0
upanishads,reap,105,22.035938039266206,18534.0
upanishads,reap,43,15.042313100187329,30587.0
upanishads,reap,41,14.713382356293504,12729.0
upanishads,reap,46,10.92899496192376,14664.0
upanishads,reap,118,10.49052595577068,24699.0
upanishads,reap,79,10.299142441999058,10620.0
upanishads,reap,108,9.738070726826413,16067.0
upanishads,reap,169,9.293222576438287,33745.0
upanishads,reap,132,9.281379508287941,28124.0
upanishads,reap,211,8.86748893205556,40242.0
upanishads,reap,152,8.733012472809317,14338.0
upanishads,reap,140,8.717050386558679,35652.0
upanishads,reap,182,8.547768701099159,36919.0
upanishads,reap,160,8.342272114828997,35906.0
upanishads,reap,73,8.238059615832798,37548.0
upanishads,reap,51,8.140071744642379,47704.0
upanishads,reap,34,8.098410418033058,15003.0
upanishads,reap,83,7.976531653690059,42441.0
upanishads,reap,66,7.885776834127836,32557.0
upanishads,reap,250,7.869240046413352,47950.0
upanishads,reap,249,7.840216835844839,36504.0
upanishads,reap,233,7.656087186935335,14243.0
upanishads,reap,129,7.640427002617527,19591.0
upanishads,reap,91,7.604848389050271,36505.0
upanishads,reap,207,7.580922413706244,45963.0
upanishads,reap,119,7.242175327654718,36324.0
upanishads,reap,148,7.045726032626488,30714.0
upanishads,reap,111,7.039493632184828,36607.0
upanishads,reap,93,6.847691774484684,25101.0
upanishads,actnorm,14,361.5101770868182,13410.0
upanishads,actnorm,41,62.750024275435614,12729.0
upanishads,actnorm,43,53.17350188399939,30587.0
upanishads,actnorm,118,50.49638026457628,24699.0
upanishads,actnorm,46,45.76534346119612,14664.0
upanishads,actnorm,105,45.418457466728164,18534.0
upanishads,actnorm,79,45.40484255575895,10620.0
upanishads,actnorm,80,43.4730788041517,33526.0
upanishads,actnorm,132,43.20532237013261,28124.0
upanishads,actnorm,66,43.11761943427251,32557.0
upanishads,actnorm,73,42.871006176241096,37548.0
upanishads,actnorm,119,39.44768625550243,36324.0
upanishads,actnorm,34,39.41099409123377,15003.0
upanishads,actnorm,233,38.533273398005335,14243.0
upanishads,actnorm,108,38.37557721356008,16067.0
upanishads,actnorm,253,37.403586185574554,19241.0
upanishads,actnorm,169,37.20979265348347,33745.0
upanishads,actnorm,212,36.754442228622686,20453.0
upanishads,actnorm,148,36.716407377161886,30714.0
upanishads,actnorm,51,36.41990921064566,47704.0
upanishads,actnorm,128,36.41516864122701,23757.0
upanishads,actnorm,129,36.31545890414629,19591.0
upanishads,actnorm,140,36.179239091671725,35652.0
upanishads,actnorm,160,35.99339951421128,35906.0
upanishads,actnorm,249,35.90100681641573,36504.0
upanishads,actnorm,227,35.589019576726386,13172.0
upanishads,actnorm,78,35.02104263772906,31793.0
upanishads,actnorm,85,34.65725857913866,19783.0
upanishads,actnorm,211,33.783731043518706,40242.0
upanishads,actnorm,207,33.527072399270274,45963.0
upanishads,gate,83,2.8295968000000005,42441.0
upanishads,gate,250,2.76675831,47950.0
upanishads,gate,51,2.59624962,47704.0
upanishads,gate,182,2.45073467,36919.0
upanishads,gate,86,1.9869389099999992,39399.0
upanishads,gate,43,1.9195818699999994,30587.0
upanishads,gate,103,1.826797879999999,37028.0
upanishads,gate,237,1.8108940900000006,54259.0
upanishads,gate,211,1.8030962800000006,40242.0
upanishads,gate,7,1.7704845699999991,39992.0
upanishads,gate,140,1.7530395599999988,35652.0
upanishads,gate,91,1.7048899599999994,36505.0
upanishads,gate,26,1.6463148099999996,63520.0
upanishads,gate,62,1.3285487200000001,38585.0
upanishads,gate,112,1.3158665500000004,38422.0
upanishads,gate,130,1.3023718400000002,34854.0
upanishads,gate,169,1.2652265800000002,33745.0
upanishads,gate,207,1.25261376,45963.0
upanishads,gate,160,1.1465524399999998,35906.0
upanishads,gate,111,1.1002735200000007,36607.0
upanishads,gate,9,1.0996578100000003,32117.0
upanishads,gate,32,1.0679439500000003,42729.0
upanishads,gate,249,1.0478105200000003,36504.0
upanishads,gate,172,0.9929270600000004,35138.0
upanishads,gate,48,0.9293314499999998,45008.0
upanishads,gate,210,0.8908012599999998,53083.0
upanishads,gate,204,0.8408279000000005,32620.0
upanishads,gate,132,0.8117685399999998,28124.0
upanishads,gate,56,0.7934665499999995,32921.0
upanishads,gate,67,0.7766191799999997,27993.0
