text,expert_id,count,norm_frac
bible,0,1599166.0,0.005927003325241127
bible,1,1168091.0,0.00432930617658469
bible,2,788347.0,0.002921857574788275
bible,3,1000579.0,0.0037084549447439735
bible,4,903667.0,0.0033492691277269985
bible,5,1479685.0,0.005484169820587366
bible,6,988339.0,0.00366308972268388
bible,7,856532.0,0.0031745722533967286
bible,8,1129360.0,0.0041857571230218245
bible,9,1236837.0,0.004584100094537565
bible,10,1569299.0,0.00581630699458191
bible,11,1269136.0,0.00470381016866493
bible,12,904937.0,0.0033539761401466324
bible,13,710897.0,0.002634803943370445
bible,14,791110.0,0.0029320981065327225
bible,15,1739820.0,0.006448310510179066
bible,16,684932.0,0.0025385696303973793
bible,17,1168622.0,0.004331274226659356
bible,18,869586.0,0.0032229544109761777
bible,19,913231.0,0.0033847162669249343
bible,20,2101689.0,0.007789508838746383
bible,21,1158633.0,0.0042942519061398895
bible,22,1045784.0,0.003875998642719997
bible,23,1317788.0,0.004884129513735819
bible,24,893691.0,0.0033122949892244254
bible,25,1016475.0,0.0037673704324782255
bible,26,1011424.0,0.0037486498657604535
bible,27,691204.0,0.002561815600394185
bible,28,704070.0,0.0026095009718831693
bible,29,1103835.0,0.004091153586005167
bible,30,787956.0,0.0029204084079724663
bible,31,2001113.0,0.007416743105583315
bible,32,839373.0,0.0031109756974057852
bible,33,948889.0,0.0035168758329558827
bible,34,710453.0,0.0026331583421780693
bible,35,856790.0,0.0031755284811166226
bible,36,575037.0,0.0021312648037393753
bible,37,978025.0,0.003624862851742066
bible,38,827096.0,0.003065473341912994
bible,39,777943.0,0.0028832971360371953
bible,40,731654.0,0.00271173579911402
bible,41,874618.0,0.003241604557823105
bible,42,912786.0,0.0033830669594235663
bible,43,658678.0,0.0024412641941256724
bible,44,969224.0,0.0035922436263049026
bible,45,715964.0,0.0026535838110320867
bible,46,1009879.0,0.003742923618368064
bible,47,1181244.0,0.004378055258754332
bible,48,1033069.0,0.0038288729238887802
bible,49,758269.0,0.0028103792129317807
bible,50,1136148.0,0.004210915548458418
bible,51,1026704.0,0.0038052822671557334
bible,52,478908.0,0.001774981026663009
bible,53,1010476.0,0.003745136284836191
bible,54,1845160.0,0.006838733099379249
bible,55,801004.0,0.002968768327697965
bible,56,1137353.0,0.004215381650793583
bible,57,1463715.0,0.005424980065987718
bible,58,778488.0,0.002885317074437747
bible,59,1258206.0,0.004663300211384144
bible,60,753645.0,0.002793241240153523
bible,61,733382.0,0.0027181403010519156
bible,62,1294945.0,0.00479946629743527
bible,63,713953.0,0.002646130423649501
bible,64,1071434.0,0.0039710654683606334
bible,65,1880713.0,0.006970503502966055
bible,66,607819.0,0.0022527650251097987
bible,67,824804.0,0.003056978481703702
bible,68,1026014.0,0.0038027249139513655
bible,69,758620.0,0.0028116801273879157
bible,70,2001186.0,0.007417013666139718
bible,71,940718.0,0.0034865915821835768
bible,72,675132.0,0.0025022478022773695
bible,73,1145397.0,0.004245195200323925
bible,74,1022304.0,0.0037889745075916476
bible,75,999023.0,0.003702687927952674
bible,76,914491.0,0.0033893862162546495
bible,77,859470.0,0.0031854613892147478
bible,78,2495261.0,0.009248208281281929
bible,79,906053.0,0.003358112380981523
bible,80,1761248.0,0.0065277292992561645
bible,81,1127196.0,0.004177736670363487
bible,82,607800.0,0.0022526946052389535
bible,83,1515171.0,0.005615691901471719
bible,84,689114.0,0.0025540694146012444
bible,85,1384610.0,0.005131792493188397
bible,86,1312552.0,0.004864723279854556
bible,87,1618234.0,0.005997675225097488
bible,88,522273.0,0.0019357051160940508
bible,89,2335180.0,0.00865489863155956
bible,90,2057302.0,0.0076249969015256824
bible,91,1261298.0,0.0046747601187869066
bible,92,1076248.0,0.003988907639847341
bible,93,1111427.0,0.004119291883871199
bible,94,1050295.0,0.0038927178025821765
bible,95,954034.0,0.003535944792718888
bible,96,871018.0,0.0032282618454524893
bible,97,1081018.0,0.004006586733738406
bible,98,619269.0,0.0022952022630663405
bible,99,1873038.0,0.006942057581453701
bible,100,633592.0,0.0023482877267564316
bible,101,2222907.0,0.008238780202118965
bible,102,1635607.0,0.006062064931212684
bible,103,730712.0,0.002708244456043709
bible,104,800863.0,0.0029682457381301156
bible,105,1266230.0,0.00469303963473465
bible,106,1575106.0,0.005837829530897512
bible,107,1097309.0,0.004066966213524434
bible,108,621472.0,0.002303367261775359
bible,109,790930.0,0.0029314309709141916
bible,110,836816.0,0.0031014986653136564
bible,111,985059.0,0.0036509330291906524
bible,112,924808.0,0.0034276242061234393
bible,113,1026216.0,0.0038034735883677165
bible,114,854736.0,0.003167915722447388
bible,115,721845.0,0.0026753806142130842
bible,116,1012992.0,0.0037544613582596548
bible,117,1055850.0,0.003913306349031835
bible,118,1551752.0,0.005751272390702134
bible,119,1404519.0,0.0052055813989068936
bible,120,934487.0,0.003463497570855436
bible,121,1081419.0,0.004008072963644133
bible,122,1294164.0,0.0047965716701126445
bible,123,1750205.0,0.006486800529059301
bible,124,896350.0,0.003322150064833722
bible,125,1020881.0,0.0037837004298962623
bible,126,768169.0,0.0028470716719509737
bible,127,916517.0,0.0033968951982721127
bible,128,1042513.0,0.0038638753060076954
bible,129,1241267.0,0.004600519043371405
bible,130,836443.0,0.003100116212059701
bible,131,813265.0,0.0030142113822468866
bible,132,1837189.0,0.006809190110405311
bible,133,727674.0,0.002696984689326506
bible,134,703129.0,0.00260601333512185
bible,135,921058.0,0.0034137255474040477
bible,136,734385.0,0.002721857728970729
bible,137,984129.0,0.003647486161828243
bible,138,834743.0,0.003093815486773577
bible,139,679310.0,0.0025177327612452677
bible,140,856484.0,0.00317439435056512
bible,141,1188088.0,0.004403421237494469
bible,142,663116.0,0.002457712793431448
bible,143,1781617.0,0.006603223107110907
bible,144,983640.0,0.0036456737767312348
bible,145,653148.0,0.00242076830540081
bible,146,1000297.0,0.003707409765608275
bible,147,665955.0,0.002468235004659275
bible,148,1890738.0,0.007007659250609228
bible,149,903777.0,0.0033496768217161003
bible,150,1087336.0,0.004030003193948837
bible,151,822963.0,0.0030501551668497286
bible,152,705525.0,0.002614893651466293
bible,153,3062309.0,0.011349863382485514
bible,154,808736.0,0.002997425508822854
bible,155,1682142.0,0.006234538020147852
bible,156,1034825.0,0.0038353812024784473
bible,157,837785.0,0.003105090078726747
bible,158,612204.0,0.002269017190039007
bible,159,810015.0,0.003002165878023414
bible,160,1657412.0,0.0061428809987797055
bible,161,971090.0,0.0035991595988836716
bible,162,772794.0,0.0028642133510382232
bible,163,784957.0,0.002909293187305945
bible,164,804789.0,0.0029827967072320704
bible,165,767401.0,0.002844225226645242
bible,166,533928.0,0.0019789021473939194
bible,167,1012303.0,0.0037519077113642788
bible,168,847501.0,0.003141100576891442
bible,169,754216.0,0.0027953575425878623
bible,170,805212.0,0.0029843644759356175
bible,171,1854641.0,0.006873872614930863
bible,172,837312.0,0.003103336994573608
bible,173,1081807.0,0.004009511011532966
bible,174,1395027.0,0.00517040111395637
bible,175,957751.0,0.0035497211432415484
bible,176,1216125.0,0.004507335022698622
bible,177,1129122.0,0.004184875021481767
bible,178,749533.0,0.0027780008975790862
bible,179,520083.0,0.0019275882994019263
bible,180,1096289.0,0.004063185778352759
bible,181,882444.0,0.003270610131993227
bible,182,758814.0,0.0028123991513323322
bible,183,708196.0,0.0026247932027834912
bible,184,1407651.0,0.005217189558669329
bible,185,1181596.0,0.004379359879519458
bible,186,1509787.0,0.005595737133859665
bible,187,596957.0,0.0022125070968404574
bible,188,865858.0,0.003209137291054607
bible,189,1077725.0,0.003994381858228284
bible,190,903692.0,0.0033493617854517942
bible,191,1093951.0,0.004054520427929843
bible,192,862751.0,0.003197621789016967
bible,193,923862.0,0.0034241180378171607
bible,194,975149.0,0.0036142035070815407
bible,195,738392.0,0.0027367089091010228
bible,196,832066.0,0.003083893697602427
bible,197,1003820.0,0.0037204670921865196
bible,198,702388.0,0.002603266960158898
bible,199,502206.0,0.0018613306135548437
bible,200,578015.0,0.0021423021919170677
bible,201,897874.0,0.0033277984797372828
bible,202,1139359.0,0.004222816506631209
bible,203,1084590.0,0.00401982566945725
bible,204,1979634.0,0.007337135294747632
bible,205,1611085.0,0.00597117882211484
bible,206,878917.0,0.0032575379801790152
bible,207,1076836.0,0.003991086949534541
bible,208,813151.0,0.003013788863021817
bible,209,891598.0,0.0033045376845045092
bible,210,1133819.0,0.004202283554816428
bible,211,1258679.0,0.004665053295537284
bible,212,1005855.0,0.0037280094309849092
bible,213,844972.0,0.0031317273214510844
bible,214,618353.0,0.002291807284029817
bible,215,801825.0,0.0029718112073802636
bible,216,866765.0,0.0032124989133102038
bible,217,772926.0,0.0028647025838251456
bible,218,736261.0,0.0027288107646394164
bible,219,785435.0,0.0029110648030040436
bible,220,1754392.0,0.006502318844808125
bible,221,863415.0,0.0032000827781875473
bible,222,725230.0,0.002687926470150455
bible,223,1190291.0,0.004411586236203487
bible,224,907063.0,0.0033618557530632792
bible,225,1047056.0,0.0038807130677576142
bible,226,901592.0,0.003341578536568935
bible,227,989921.0,0.0036689531035089674
bible,228,1214776.0,0.004502335211868633
bible,229,813066.0,0.003013473826757511
bible,230,890701.0,0.003301213125338831
bible,231,1561240.0,0.00578643785041669
bible,232,1347779.0,0.004995285426710023
bible,233,948365.0,0.0035149337270441597
bible,234,729686.0,0.0027044417830180837
bible,235,1029362.0,0.003815133636456038
bible,236,1164187.0,0.004314836746280555
bible,237,974455.0,0.0036116313286412055
bible,238,732814.0,0.002716035117544552
bible,239,730438.0,0.0027072289273799457
bible,240,1927515.0,0.007143966176402043
bible,241,1014237.0,0.003759075712954493
bible,242,1028762.0,0.0038129098510609354
bible,243,763571.0,0.002830030063206504
bible,244,1812551.0,0.006717874069464414
bible,245,1203336.0,0.00445993503700201
bible,246,1617478.0,0.005994873255499658
bible,247,752362.0,0.0027884860457169955
bible,248,953517.0,0.0035340286309701076
bible,249,2245450.0,0.008322331525721963
bible,250,1909224.0,0.0070761740786323395
bible,251,649998.0,0.002409093432076521
bible,252,866262.0,0.0032106346398873093
bible,253,742077.0,0.0027503666577359445
bible,254,533258.0,0.001976418920369388
bible,255,1251239.0,0.004637478356638011
quran,0,542080.0,0.00813989226535448
quran,1,296149.0,0.004446983756073761
quran,2,207825.0,0.003120707478688192
quran,3,210053.0,0.003154163204719792
quran,4,268481.0,0.004031520099052974
quran,5,167584.0,0.0025164472133212172
quran,6,244296.0,0.003668357292017854
quran,7,186515.0,0.002800715772344656
quran,8,202561.0,0.0030416630703262787
quran,9,326039.0,0.004895813042916008
quran,10,349433.0,0.005247098166247809
quran,11,268969.0,0.004038847924144277
quran,12,182445.0,0.0027396005098003955
quran,13,151225.0,0.0022707998963773456
quran,14,186417.0,0.0027992442009123863
quran,15,380023.0,0.005706438677606268
quran,16,152906.0,0.0022960418512512773
quran,17,199690.0,0.0029985520337747866
quran,18,206099.0,0.0030947898022382183
quran,19,676079.0,0.010152025942422876
quran,20,376256.0,0.005649873273674026
quran,21,204314.0,0.003067986179721878
quran,22,417256.0,0.006265530709623579
quran,23,426874.0,0.0064099549344763295
quran,24,208959.0,0.003137735662404455
quran,25,238184.0,0.0035765792859563015
quran,26,631372.0,0.00948070406464247
quran,27,142680.0,0.002142487877104445
quran,28,150861.0,0.0022653340596289154
quran,29,295866.0,0.0044427342181622064
quran,30,185509.0,0.0027856096411113572
quran,31,242739.0,0.0036449773254867944
quran,32,422701.0,0.006347293020324684
quran,33,159305.0,0.002392129459364477
quran,34,215609.0,0.0032375922953084683
quran,35,193958.0,0.0029124801210220347
quran,36,133889.0,0.002010481913215847
quran,37,305180.0,0.004582593568367917
quran,38,162070.0,0.0024336487962035138
quran,39,152893.0,0.002295846642795976
quran,40,252441.0,0.003790662897281491
quran,41,355500.0,0.00533820045073332
quran,42,172646.0,0.0025924583826084525
quran,43,302940.0,0.0045489576499160396
quran,44,171375.0,0.0025733730020940163
quran,45,167724.0,0.0025185494582244594
quran,46,182530.0,0.002740876872777364
quran,47,168532.0,0.0025306824145231725
quran,48,237418.0,0.003565077003128561
quran,49,155549.0,0.0023357292318174887
quran,50,157128.0,0.002359439551119058
quran,51,256261.0,0.0038480241510699615
quran,52,131440.0,0.001973707643444128
quran,53,174588.0,0.002621619522623429
quran,54,330801.0,0.004967319401696296
quran,55,158447.0,0.0023792457013146057
quran,56,194874.0,0.002926234809103249
quran,57,230042.0,0.003454318728797734
quran,58,145376.0,0.002182971107526884
quran,59,245329.0,0.0036838688561967783
quran,60,164048.0,0.002463350513479324
quran,61,148982.0,0.002237118929820398
quran,62,261493.0,0.003926588046311134
quran,63,184922.0,0.0027767952285527625
quran,64,256552.0,0.003852393817261701
quran,65,442648.0,0.006646817870931653
quran,66,423623.0,0.006361137804616037
quran,67,201512.0,0.003025911249586984
quran,68,271408.0,0.004075472033565763
quran,69,154294.0,0.002316884107863423
quran,70,435898.0,0.006545459634525325
quran,71,214018.0,0.0032137017835866207
quran,72,365278.0,0.005485027241189777
quran,73,196486.0,0.0029504406575605827
quran,74,230190.0,0.0034565411019811614
quran,75,222566.0,0.003342058850964591
quran,76,200442.0,0.003009844092112203
quran,77,227828.0,0.003421073227256458
quran,78,537362.0,0.008069046612115213
quran,79,129135.0,0.0019390956827157449
quran,80,443341.0,0.006657223983202703
quran,81,257408.0,0.003865247543241526
quran,82,123028.0,0.0018473927568293078
quran,83,214816.0,0.0032256845795351026
quran,84,213450.0,0.003205172675693466
quran,85,244825.0,0.0036763007745451055
quran,86,189581.0,0.002846754935725664
quran,87,333234.0,0.005003853414907643
quran,88,341845.0,0.005133156492492073
quran,89,389621.0,0.005850562581758556
quran,90,556929.0,0.008362865369413382
quran,91,404873.0,0.00607958714793179
quran,92,210214.0,0.003156580786358521
quran,93,367864.0,0.005523858707759668
quran,94,358584.0,0.005384509902744745
quran,95,185005.0,0.0027780415594596845
quran,96,189226.0,0.002841424243292442
quran,97,229709.0,0.0034493183891350218
quran,98,151123.0,0.002269268260804983
quran,99,416726.0,0.006257572211061304
quran,100,124487.0,0.001869301151928098
quran,101,399725.0,0.006002284599632563
quran,102,201731.0,0.003029199761257056
quran,103,229214.0,0.0034418854517985578
quran,104,189878.0,0.0028512146981275427
quran,105,260393.0,0.003910070407785658
quran,106,450742.0,0.0067683576584091085
quran,107,285436.0,0.00428611697287065
quran,108,161570.0,0.002426140778691934
quran,109,211276.0,0.0031725278155531164
quran,110,235882.0,0.0035420123733329876
quran,111,251484.0,0.003776292551764327
quran,112,178240.0,0.0026764580825280083
quran,113,192778.0,0.002894761199694706
quran,114,382979.0,0.005750826077134729
quran,115,200576.0,0.0030118562408053065
quran,116,211636.0,0.003177933588161454
quran,117,182592.0,0.0027418078669488
quran,118,378674.0,0.005686182046360026
quran,119,307168.0,0.004612445445993959
quran,120,190655.0,0.0028628821573405375
quran,121,232233.0,0.003487218861533477
quran,122,277190.0,0.0041622947480696735
quran,123,432375.0,0.0064925581431387325
quran,124,225647.0,0.0033883232548709463
quran,125,238896.0,0.003587270702892791
quran,126,150419.0,0.0022586969721486785
quran,127,203982.0,0.0030630008560941888
quran,128,202885.0,0.003046528265673782
quran,129,273483.0,0.00410663030623882
quran,130,187096.0,0.0028094400886931117
quran,131,166538.0,0.002500740440686992
quran,132,402374.0,0.006042062076408914
quran,133,192690.0,0.002893439788612668
quran,134,152748.0,0.0022936693177176178
quran,135,211605.0,0.003177468091075736
quran,136,343930.0,0.005164464925515361
quran,137,391733.0,0.00588227644772747
quran,138,175703.0,0.002638362401674252
quran,139,442033.0,0.0066375830093924094
quran,140,234511.0,0.0035214253893162354
quran,141,290113.0,0.004356346968673968
quran,142,206255.0,0.003097132303701831
quran,143,366196.0,0.005498811961341037
quran,144,201257.0,0.003022082160656078
quran,145,176121.0,0.0026446391043139328
quran,146,262035.0,0.0039347267372936865
quran,147,150650.0,0.0022621656762390288
quran,148,537637.0,0.008073176021746582
quran,149,292298.0,0.004389157005199573
quran,150,421974.0,0.006336376362862847
quran,151,206011.0,0.00309346839115618
quran,152,381595.0,0.005730043884662676
quran,153,853966.0,0.012823183364587709
quran,154,188548.0,0.0028312433715467398
quran,155,433723.0,0.006512799758349952
quran,156,272964.0,0.004098836984061801
quran,157,254350.0,0.003819328508140703
quran,158,153237.0,0.002301012158843943
quran,159,162882.0,0.0024458418166423196
quran,160,654949.0,0.00983473712238351
quran,161,831459.0,0.012485217464321451
quran,162,159297.0,0.0023920093310842916
quran,163,189175.0,0.002840658425506261
quran,164,169246.0,0.002541403863529709
quran,165,214324.0,0.0032182966903037077
quran,166,355294.0,0.005335107147518549
quran,167,177738.0,0.002668920032946382
quran,168,186441.0,0.002799604585752942
quran,169,177686.0,0.0026681391991251776
quran,170,169607.0,0.0025468246521730695
quran,171,374850.0,0.005628760728431463
quran,172,508878.0,0.007641329870515529
quran,173,216369.0,0.0032490044819260696
quran,174,382757.0,0.005747492517359587
quran,175,210538.0,0.0031614459817060248
quran,176,316695.0,0.0047555032116596025
quran,177,192953.0,0.002897389005823759
quran,178,420473.0,0.006313837294293084
quran,179,116900.0,0.0017553744942073843
quran,180,278426.0,0.0041808545673583
quran,181,193865.0,0.002911083629764881
quran,182,193445.0,0.0029047768950551537
quran,183,195177.0,0.0029307846677152664
quran,184,196345.0,0.002948323396622317
quran,185,321587.0,0.004828961654992901
quran,186,330283.0,0.0049595410955542985
quran,187,188406.0,0.002829111094573451
quran,188,159673.0,0.0023976553602529996
quran,189,322188.0,0.004837986292041819
quran,190,205549.0,0.00308653098297548
quran,191,247186.0,0.003711753633234786
quran,192,220635.0,0.0033130628873348695
quran,193,192804.0,0.002895151616605308
quran,194,181649.0,0.00272764774592196
quran,195,155898.0,0.0023409698280405715
quran,196,178996.0,0.002687810205005517
quran,197,222610.0,0.00334271955650561
quran,198,169674.0,0.0025478307265196214
quran,199,155143.0,0.002329632721598086
quran,200,146828.0,0.002204774390380512
quran,201,185001.0,0.002777981495319592
quran,202,246018.0,0.0036942149043277354
quran,203,235458.0,0.0035356455744831677
quran,204,567483.0,0.008521344603047811
quran,205,254299.0,0.003818562690354522
quran,206,218659.0,0.0032833912021291056
quran,207,313163.0,0.004702466575957802
quran,208,167789.0,0.0025195255005009648
quran,209,221238.0,0.0033221175564538347
quran,210,178455.0,0.0026796865300579877
quran,211,303745.0,0.004561045558109683
quran,212,244345.0,0.003669093077733989
quran,213,151193.0,0.002270319383256604
quran,214,125812.0,0.0018891973983337848
quran,215,191141.0,0.002870179950361793
quran,216,397665.0,0.005971351567484854
quran,217,187359.0,0.002813389305904203
quran,218,157077.0,0.002358673733332877
quran,219,139543.0,0.0020953825752367925
quran,220,361024.0,0.005421149028201255
quran,221,186794.0,0.0028049052461161174
quran,222,154996.0,0.002327425364449681
quran,223,220149.0,0.0033057650943136138
quran,224,160974.0,0.0024171912218181307
quran,225,216250.0,0.0032472175737583136
quran,226,163252.0,0.002451397749600889
quran,227,182942.0,0.002747063479206906
quran,228,418610.0,0.006285862421044937
quran,229,211351.0,0.0031736540181798536
quran,230,188802.0,0.0028350574444426227
quran,231,373316.0,0.005605726130705936
quran,232,298289.0,0.004479118071023323
quran,233,178330.0,0.002677809525680093
quran,234,190659.0,0.00286294222148063
quran,235,170120.0,0.0025545278781399505
quran,236,280215.0,0.004207718254014732
quran,237,289494.0,0.004347052042994632
quran,238,435833.0,0.006544483592248819
quran,239,186255.0,0.0027968116032386346
quran,240,361123.0,0.005422635615668548
quran,241,184369.0,0.002768491361184955
quran,242,184344.0,0.002768115960309376
quran,243,203623.0,0.0030576100995208743
quran,244,240714.0,0.0036145698545648956
quran,245,500115.0,0.0075097443556075795
quran,246,435037.0,0.0065325308283703835
quran,247,152239.0,0.00228602615589083
quran,248,228547.0,0.00343186975643811
quran,249,506782.0,0.007609856261106986
quran,250,445541.0,0.006690259260253654
quran,251,203515.0,0.003055988367738373
quran,252,150574.0,0.0022610244575772685
quran,253,166760.0,0.0025040740004621336
quran,254,208810.0,0.0031354982731860042
quran,255,458918.0,0.006891128760758464
tao,0,10548.0,0.002951467003337609
tao,1,14641.0,0.004096741410302042
tao,2,13610.0,0.0038082542581934827
tao,3,9346.0,0.002615131836669823
tao,4,13454.0,0.0037646034378938367
tao,5,7496.0,0.0020974778779881227
tao,6,11852.0,0.003316343090970548
tao,7,22715.0,0.006355951173759366
tao,8,10169.0,0.00284541789504552
tao,9,16493.0,0.004614954994885019
tao,10,20503.0,0.005737004926946435
tao,11,11649.0,0.0032595410619908802
tao,12,10256.0,0.0028697616217510918
tao,13,5837.0,0.0016332681928784246
tao,14,11654.0,0.003260940126744074
tao,15,19367.0,0.005419137415020807
tao,16,14117.0,0.0039501194241673325
tao,17,7664.0,0.002144486453695434
tao,18,13551.0,0.003791745294105796
tao,19,12358.0,0.003457928443993759
tao,20,12410.0,0.0034724787174269744
tao,21,14354.0,0.004016435093468718
tao,22,9612.0,0.0026895620815397324
tao,23,9642.0,0.002697956470058895
tao,24,8752.0,0.002448922943990401
tao,25,24780.0,0.006933764916828398
tao,26,15161.0,0.004242244144634195
tao,27,7393.0,0.0020686571440723307
tao,28,12566.0,0.0035161295377266204
tao,29,16814.0,0.004704774952040061
tao,30,8460.0,0.0023672175624038843
tao,31,19216.0,0.005376885659474355
tao,32,15472.0,0.0043292659722828485
tao,33,7377.0,0.0020641801368621103
tao,34,8682.0,0.0024293360374456883
tao,35,8077.0,0.00226004920230924
tao,36,21939.0,0.00613881632406369
tao,37,9711.0,0.002717263563652969
tao,38,7985.0,0.002234306410850475
tao,39,7536.0,0.002108670396013673
tao,40,8882.0,0.0024852986275734398
tao,41,7372.0,0.0020627810721089166
tao,42,7112.0,0.0019900297049428397
tao,43,18738.0,0.005243135069069029
tao,44,16629.0,0.00465300955617189
tao,45,9124.0,0.002553013361628019
tao,46,11834.0,0.0033113064578590506
tao,47,8920.0,0.0024959315196977127
tao,48,16055.0,0.004492396922505243
tao,49,10117.0,0.0028308676216123045
tao,50,11572.0,0.003237995464791696
tao,51,22452.0,0.006282360367741372
tao,52,7573.0,0.002119023475187307
tao,53,12877.0,0.003603151365375274
tao,54,20145.0,0.00563683189061776
tao,55,7590.0,0.0021237802953481657
tao,56,20892.0,0.005845852164744912
tao,57,9934.0,0.0027796618516454123
tao,58,7868.0,0.00220156829562574
tao,59,13977.0,0.003910945611077907
tao,60,8952.0,0.0025048855341181526
tao,61,10576.0,0.002959301765955494
tao,62,14216.0,0.00397782090628057
tao,63,7687.0,0.002150922151560125
tao,64,10506.0,0.002939714859410781
tao,65,34597.0,0.009680688653249076
tao,66,9075.0,0.00253930252704672
tao,67,18916.0,0.005292941774282727
tao,68,9411.0,0.002633319678461342
tao,69,13787.0,0.003857781150456543
tao,70,16252.0,0.004547520073781079
tao,71,8146.0,0.0022793562959033146
tao,72,6353.0,0.0017776516754080232
tao,73,14319.0,0.004006641640196361
tao,74,16436.0,0.00459900565669861
tao,75,11255.0,0.0031492947594392103
tao,76,20583.0,0.005759389962997535
tao,77,15378.0,0.0043029635549228056
tao,78,28347.0,0.007931857711756845
tao,79,7692.0,0.002152321216313319
tao,80,24690.0,0.0069085817512709105
tao,81,12380.0,0.0034640843289078117
tao,82,9270.0,0.0025938660524212776
tao,83,24272.0,0.00679161993790391
tao,84,16545.0,0.004629505268318235
tao,85,12513.0,0.0035012994513427664
tao,86,13462.0,0.003766841941498947
tao,87,17924.0,0.005015367327249081
tao,88,4523.0,0.001265593975739098
tao,89,10674.0,0.0029867234351180923
tao,90,27680.0,0.007745222473680794
tao,91,18278.0,0.0051144211117752
tao,92,28571.0,0.007994535812699927
tao,93,32209.0,0.009012495327123725
tao,94,12024.0,0.003364470918480414
tao,95,9526.0,0.002665498167784799
tao,96,8271.0,0.002314332914733159
tao,97,12295.0,0.0034403002281035173
tao,98,35788.0,0.010013945877459835
tao,99,19364.0,0.00541829797616889
tao,100,4515.0,0.0012633554721339878
tao,101,15833.0,0.00443027844746344
tao,102,9255.0,0.002589668858161696
tao,103,9035.0,0.0025281100090211697
tao,104,9248.0,0.0025877101675072247
tao,105,7767.0,0.002173307187611226
tao,106,9589.0,0.002683126383675041
tao,107,23422.0,0.0065537789298609666
tao,108,10415.0,0.0029142518809026543
tao,109,9316.0,0.0026067374481506603
tao,110,8283.0,0.002317690670140824
tao,111,12286.0,0.0034377819115477687
tao,112,8729.0,0.00244248724612571
tao,113,8227.0,0.0023020211449050537
tao,114,14074.0,0.003938087467289866
tao,115,20648.0,0.005777577804789055
tao,116,14225.0,0.003980339222836318
tao,117,9053.0,0.0025331466421326674
tao,118,21191.0,0.0059295162369859
tao,119,15694.0,0.004391384447324652
tao,120,7355.0,0.0020580242519480578
tao,121,10091.0,0.0028235924848956967
tao,122,15638.0,0.004375714922088882
tao,123,17178.0,0.0048066268660725674
tao,124,6362.0,0.001780169991963772
tao,125,13264.0,0.003711438977272473
tao,126,8574.0,0.0023991162387767026
tao,127,7191.0,0.0020121349280433016
tao,128,11254.0,0.0031490149464885714
tao,129,12551.0,0.0035119323434670393
tao,130,16981.0,0.004751503714796733
tao,131,19000.0,0.005316446062136383
tao,132,15969.0,0.004468333008750311
tao,133,14817.0,0.0041459884896144624
tao,134,5770.0,0.0016145207251856278
tao,135,21507.0,0.006017937129387747
tao,136,5634.0,0.0015764661638987569
tao,137,10711.0,0.0029970765142917264
tao,138,6806.0,0.0019044069420473802
tao,139,7713.0,0.002158197288276733
tao,140,22915.0,0.006411913763887117
tao,141,11889.0,0.003326696170144182
tao,142,8042.0,0.002250255749036884
tao,143,9794.0,0.0027404880385559862
tao,144,10708.0,0.00299623707543981
tao,145,6259.0,0.00175134925804798
tao,146,30120.0,0.008427966073239361
tao,147,9686.0,0.0027102682398870005
tao,148,23717.0,0.0066363237502994
tao,149,16572.0,0.004637060217985481
tao,150,17041.0,0.004768292491835058
tao,151,20066.0,0.005614726667517298
tao,152,7280.0,0.002037038280650151
tao,153,25424.0,0.007113964457039758
tao,154,17795.0,0.004979271456616681
tao,155,8313.0,0.002326085058659987
tao,156,18308.0,0.005122815500294363
tao,157,14492.0,0.0040550492806568665
tao,158,10521.0,0.0029439120536703623
tao,159,16259.0,0.0045494787644355505
tao,160,21069.0,0.005895379057007971
tao,161,18602.0,0.005205080507782157
tao,162,6901.0,0.001930989172358062
tao,163,19990.0,0.005593460883268752
tao,164,7731.0,0.0021632339213882306
tao,165,8418.0,0.0023554654184770566
tao,166,7639.0,0.002137491129929465
tao,167,11033.0,0.003087176284397406
tao,168,10887.0,0.0030463235936041477
tao,169,17792.0,0.004978432017764765
tao,170,13284.0,0.003717035236285248
tao,171,37887.0,0.010601273260850587
tao,172,10271.0,0.0028739588160106733
tao,173,13322.0,0.003727668128409521
tao,174,17198.0,0.004812223125085343
tao,175,17296.0,0.0048396447942479414
tao,176,12160.0,0.0034025254797672854
tao,177,12922.0,0.003615742948154018
tao,178,22919.0,0.006413033015689672
tao,179,5822.0,0.0016290709986188433
tao,180,12911.0,0.0036126650056969916
tao,181,19286.0,0.005396472566019068
tao,182,9917.0,0.002774905031484553
tao,183,11332.0,0.0031708403566383945
tao,184,6608.0,0.0018490039778209064
tao,185,20365.0,0.005698390739758286
tao,186,17943.0,0.005020683773311217
tao,187,9657.0,0.002702153664318476
tao,188,8427.0,0.002357983735032805
tao,189,14751.0,0.004127520834872305
tao,190,17556.0,0.004912396161414018
tao,191,11655.0,0.0032612199396947128
tao,192,10557.0,0.0029539853198933576
tao,193,23610.0,0.0066063837645810525
tao,194,9201.0,0.002574558958827203
tao,195,13104.0,0.0036666689051702717
tao,196,8253.0,0.0023092962816216615
tao,197,11538.0,0.0032284818244699785
tao,198,14757.0,0.004129199712576137
tao,199,6934.0,0.001940222999729141
tao,200,12889.0,0.003606509120782939
tao,201,11804.0,0.003302912069339888
tao,202,7296.0,0.002041515287860371
tao,203,16639.0,0.004655807685678278
tao,204,23909.0,0.0066900478368220415
tao,205,21706.0,0.006073619906564859
tao,206,8562.0,0.0023957584833690375
tao,207,28313.0,0.007922344071435126
tao,208,10681.0,0.0029886821257725637
tao,209,11987.0,0.00335411783930678
tao,210,20356.0,0.0056958724232025375
tao,211,13494.0,0.003775795955919387
tao,212,11131.0,0.003114597953560004
tao,213,32766.0,0.009168351140629511
tao,214,10682.0,0.0029889619387232025
tao,215,31074.0,0.008694907628148734
tao,216,9330.0,0.002610654829459603
tao,217,8726.0,0.0024416478072737937
tao,218,6377.0,0.0017843671862233534
tao,219,7909.0,0.002213040626601929
tao,220,21319.0,0.00596533229466766
tao,221,14124.0,0.003952078114821804
tao,222,4726.0,0.0013223960047187655
tao,223,19615.0,0.005488531026779218
tao,224,8279.0,0.0023165714183382693
tao,225,10529.0,0.0029461505572754725
tao,226,20448.0,0.005721615214661303
tao,227,10262.0,0.0028714404994549243
tao,228,31789.0,0.008894973887855446
tao,229,9216.0,0.0025787561530867848
tao,230,12996.0,0.003636449106501286
tao,231,10850.0,0.0030359705144305136
tao,232,10476.0,0.0029313204708916185
tao,233,11733.0,0.0032830453498445358
tao,234,12605.0,0.003527042242801532
tao,235,15462.0,0.004326467842776461
tao,236,16523.0,0.004623349383404182
tao,237,27809.0,0.007781318344313193
tao,238,11810.0,0.0033045909470437204
tao,239,9326.0,0.0026095355776570477
tao,240,18628.0,0.005212355644498765
tao,241,18672.0,0.005224667414326871
tao,242,15856.0,0.004436714145328131
tao,243,9191.0,0.0025717608293208158
tao,244,8100.0,0.0022664849001739315
tao,245,19969.0,0.0055875848113053385
tao,246,31031.0,0.008682875671271269
tao,247,22619.0,0.006329089130498045
tao,248,10718.0,0.0029990352049461978
tao,249,32078.0,0.008975839830590047
tao,250,12595.0,0.0035242441132951443
tao,251,16254.0,0.004548079699682356
tao,252,8427.0,0.002357983735032805
tao,253,6943.0,0.0019427413162848898
tao,254,19793.0,0.005538337731992918
tao,255,9912.0,0.0027735059667313594
gita,0,31688.0,0.00413680382035556
gita,1,36477.0,0.004761998010449059
gita,2,25612.0,0.0033435944031477726
gita,3,19943.0,0.002603518006480401
gita,4,30217.0,0.00394476776823037
gita,5,23765.0,0.0031024723173046546
gita,6,23525.0,0.003071140806420871
gita,7,59395.0,0.007753896203926361
gita,8,15156.0,0.001978584912310934
gita,9,41055.0,0.005359646580557231
gita,10,42307.0,0.005523092629000969
gita,11,32474.0,0.004239414518499952
gita,12,23779.0,0.0031042999887728752
gita,13,12108.0,0.0015806747240868823
gita,14,13518.0,0.0017647473505291108
gita,15,55211.0,0.0072076835308524
gita,16,13038.0,0.0017020843287615438
gita,17,16100.0,0.002101822188453816
gita,18,23382.0,0.0030524724478526166
gita,19,73908.0,0.009648538776661157
gita,20,26844.0,0.003504429492351195
gita,21,19330.0,0.002523492105764737
gita,22,23538.0,0.003072837929927076
gita,23,22255.0,0.0029053448946608496
gita,24,20033.0,0.0026152673230618196
gita,25,22210.0,0.00289947023637014
gita,26,77349.0,0.010097754313957406
gita,27,14171.0,0.0018499951697254055
gita,28,15684.0,0.002047514236255258
gita,29,31434.0,0.004103644638003556
gita,30,19692.0,0.0025707504680144437
gita,31,40717.0,0.005315521369395902
gita,32,50042.0,0.006532881115192911
gita,33,15234.0,0.0019887676533481636
gita,34,16438.0,0.0021459473996151444
gita,35,23629.0,0.0030847177944705105
gita,36,12849.0,0.001677410763940564
gita,37,14563.0,0.0019011699708355852
gita,38,16048.0,0.002095033694428996
gita,39,15158.0,0.0019788460082349655
gita,40,22118.0,0.00288745982386469
gita,41,17805.0,0.0023244064636906954
gita,42,13912.0,0.0018161832475633223
gita,43,38443.0,0.005018655303772053
gita,44,19797.0,0.0025844580040260993
gita,45,20066.0,0.00261957540580834
gita,46,19157.0,0.0025009073083360096
gita,47,37723.0,0.004924660771120702
gita,48,47831.0,0.006244239571176055
gita,49,18422.0,0.0024049545562544222
gita,50,23735.0,0.0030985558784441818
gita,51,47792.0,0.006239148200657439
gita,52,11540.0,0.0015065234816619279
gita,53,17019.0,0.0022217957655463042
gita,54,66365.0,0.008663815499176242
gita,55,14522.0,0.0018958175043929388
gita,56,55529.0,0.0072491977827734136
gita,57,20543.0,0.00268184678368986
gita,58,12669.0,0.0016539121307777263
gita,59,30351.0,0.003962261195140483
gita,60,16086.0,0.0020999945169855954
gita,61,23942.0,0.003125579306581445
gita,62,58250.0,0.007604418787418309
gita,63,21894.0,0.0028582170803731584
gita,64,33134.0,0.004325576173430356
gita,65,64589.0,0.008431962318636244
gita,66,41397.0,0.005404293983566622
gita,67,33865.0,0.00442100673366388
gita,68,27197.0,0.00355051292294276
gita,69,16783.0,0.0021909864465105835
gita,70,39635.0,0.0051742684744948446
gita,71,19584.0,0.002556651288116741
gita,72,22653.0,0.002957302983543124
gita,73,48072.0,0.006275701630021854
gita,74,29842.0,0.003895812282474458
gita,75,20922.0,0.0027313244612938345
gita,76,24043.0,0.0031387646507450373
gita,77,49282.0,0.006433664664060929
gita,78,47822.0,0.006243064639517912
gita,79,10277.0,0.0013416414056360167
gita,80,54007.0,0.007050503784585419
gita,81,27524.0,0.003593202106521915
gita,82,18928.0,0.0024710118250343993
gita,83,77325.0,0.010094621162869027
gita,84,14826.0,0.0019355040848457316
gita,85,33244.0,0.00433993644925209
gita,86,48690.0,0.0063563802705475965
gita,87,33958.0,0.004433147694131347
gita,88,11418.0,0.0014905966302960045
gita,89,28507.0,0.003721530753183412
gita,90,77175.0,0.010075038968566662
gita,91,45743.0,0.0059716554264871375
gita,92,25008.0,0.0032647434340902504
gita,93,46127.0,0.006021785843901191
gita,94,19805.0,0.0025855023877222254
gita,95,19022.0,0.0024832833334638813
gita,96,21338.0,0.002785632413492393
gita,97,27726.0,0.0036195727948490995
gita,98,15074.0,0.0019678799794256414
gita,99,43538.0,0.005683797170242376
gita,100,13896.0,0.00181409448017107
gita,101,26241.0,0.0034257090712556887
gita,102,27641.0,0.0036084762180777596
gita,103,44167.0,0.005765911838350291
gita,104,21512.0,0.002808347758883136
gita,105,23142.0,0.003021140936968833
gita,106,20652.0,0.0026960765115495782
gita,107,50308.0,0.006567606873089105
gita,108,17365.0,0.0022669653604037586
gita,109,16731.0,0.0021841979524857636
gita,110,19292.0,0.002518531283208138
gita,111,50505.0,0.0065933248216062095
gita,112,56704.0,0.007402591638141937
gita,113,15027.0,0.0019617442252109004
gita,114,14050.0,0.0018341988663214978
gita,115,14277.0,0.0018638332536990766
gita,116,17598.0,0.002297383035553432
gita,117,20162.0,0.0026321080101618533
gita,118,36186.0,0.004724008553502471
gita,119,53932.0,0.0070407126874342365
gita,120,13400.0,0.0017493426910112507
gita,121,37048.0,0.004836540896760061
gita,122,30770.0,0.004016960791225088
gita,123,53863.0,0.007031704878055148
gita,124,16397.0,0.002140594933172498
gita,125,37677.0,0.004918655564867977
gita,126,15308.0,0.0019984282025373302
gita,127,18822.0,0.0024571737410607284
gita,128,23694.0,0.0030932034120015354
gita,129,38918.0,0.005080665585729541
gita,130,44441.0,0.005801681979942611
gita,131,20469.0,0.002672186234500693
gita,132,46368.0,0.00605324790274699
gita,133,18324.0,0.0023921608559768774
gita,134,13386.0,0.00174751501954303
gita,135,23148.0,0.0030219242247409277
gita,136,9783.0,0.0012771507124002288
gita,137,17641.0,0.00230299659792011
gita,138,19768.0,0.002580672113127642
gita,139,21335.0,0.0027852407696063457
gita,140,51827.0,0.006765909227391051
gita,141,40501.0,0.0052873230096004975
gita,142,22772.0,0.002972838191023
gita,143,33115.0,0.004323095762152057
gita,144,24738.0,0.003229495484345994
gita,145,34084.0,0.004449596737345333
gita,146,31811.0,0.0041528612196835
gita,147,14006.0,0.0018284547559928041
gita,148,44935.0,0.005866172673178399
gita,149,23645.0,0.0030868065618627626
gita,150,24559.0,0.003206127399145172
gita,151,19608.0,0.0025597844392051196
gita,152,16863.0,0.002201430283471845
gita,153,47451.0,0.006194631345610064
gita,154,17120.0,0.002234981109709896
gita,155,31063.0,0.004055211344095707
gita,156,28280.0,0.0036918963658058336
gita,157,49689.0,0.006486797684601346
gita,158,15825.0,0.002065921498899481
gita,159,23980.0,0.0031305401291380442
gita,160,51623.0,0.006739277443139835
gita,161,49778.0,0.006498416453220749
gita,162,12329.0,0.0016095258236923664
gita,163,44303.0,0.0057836663611844355
gita,164,16928.0,0.0022099159010028693
gita,165,30833.0,0.004025185312832081
gita,166,14528.0,0.0018966007921650335
gita,167,23574.0,0.0030775376565596434
gita,168,22892.0,0.0029885039464648917
gita,169,42673.0,0.005570873183098739
gita,170,22012.0,0.0028736217398910185
gita,171,38735.0,0.005056775308680656
gita,172,47454.0,0.006195022989496111
gita,173,34227.0,0.004468265095913588
gita,174,45425.0,0.005930141174566124
gita,175,21435.0,0.0027982955658079223
gita,176,58163.0,0.007593061114722938
gita,177,19409.0,0.0025338053947639824
gita,178,28427.0,0.003711086916222151
gita,179,13424.0,0.001752475842099629
gita,180,54094.0,0.0070618614572807905
gita,181,22776.0,0.002973360382871063
gita,182,43917.0,0.00573327484784635
gita,183,33204.0,0.00433471453077146
gita,184,20850.0,0.0027219250080286997
gita,185,32954.0,0.004302077540267519
gita,186,25080.0,0.0032741428873553856
gita,187,17459.0,0.0022792368688332406
gita,188,20739.0,0.00270743418424495
gita,189,57295.0,0.007479745483693254
gita,190,24521.0,0.003201166576588573
gita,191,20008.0,0.0026120036240114258
gita,192,22003.0,0.0028724468082328767
gita,193,22452.0,0.0029310628431779553
gita,194,16450.0,0.0021475139751593337
gita,195,19721.0,0.002574536358912901
gita,196,18504.0,0.002415659489139715
gita,197,21227.0,0.002771141589708643
gita,198,19068.0,0.0024892885397166066
gita,199,12157.0,0.0015870715742256547
gita,200,11365.0,0.0014836775883091688
gita,201,21893.0,0.0028580865324111427
gita,202,24114.0,0.0031480335560481565
gita,203,25396.0,0.0033153960433523672
gita,204,53777.0,0.007020477753321793
gita,205,46717.0,0.006098809141490492
gita,206,24967.0,0.003259390967647604
gita,207,81812.0,0.010680389868433764
gita,208,16827.0,0.002196730556839277
gita,209,34174.0,0.0044613460539267525
gita,210,99675.0,0.013012368113921374
gita,211,51778.0,0.0067595123772522785
gita,212,36310.0,0.004740196500792426
gita,213,32397.0,0.004229362325424738
gita,214,19973.0,0.0026074344453408736
gita,215,30647.0,0.004000903391897149
gita,216,19180.0,0.002503909911462372
gita,217,19369.0,0.0025285834762833518
gita,218,16850.0,0.00219973315996564
gita,219,21950.0,0.002865527766246041
gita,220,39522.0,0.005159516554787063
gita,221,38012.0,0.004962389132143258
gita,222,13667.0,0.0017841989968694599
gita,223,42927.0,0.005604032365450743
gita,224,15754.0,0.0020566525935963613
gita,225,28000.0,0.0036553429364414194
gita,226,24598.0,0.0032112187696637868
gita,227,16400.0,0.0021409865770585456
gita,228,63952.0,0.008348803266832202
gita,229,39421.0,0.005146331210623471
gita,230,13108.0,0.0017112226861026472
gita,231,24715.0,0.003226492881219631
gita,232,30990.0,0.004045681342868556
gita,233,17363.0,0.002266704264479727
gita,234,17054.0,0.002226364944216856
gita,235,19534.0,0.002550123890015953
gita,236,49750.0,0.006494761110284308
gita,237,84320.0,0.011007804157169303
gita,238,21761.0,0.0028408542014250614
gita,239,16398.0,0.002140725481134514
gita,240,42583.0,0.00555912386651732
gita,241,18408.0,0.0024031268847862016
gita,242,19777.0,0.002581847044785784
gita,243,18659.0,0.0024358944232521587
gita,244,27593.0,0.003602209915901003
gita,245,28164.0,0.003676752802212005
gita,246,61610.0,0.00804305993979128
gita,247,27690.0,0.003614873068216532
gita,248,21609.0,0.0028210109111986652
gita,249,53695.0,0.0070097728204365
gita,250,76369.0,0.009969817311181956
gita,251,17621.0,0.0023003856386797947
gita,252,15164.0,0.00197962929600706
gita,253,17296.0,0.002257957551024671
gita,254,39925.0,0.005212127383479416
gita,255,25502.0,0.0033292341273260385
dhamma,0,14920.0,0.0035690586536037206
dhamma,1,16173.0,0.0038687926008534163
dhamma,2,14008.0,0.003350896355206496
dhamma,3,14955.0,0.003577431110230807
dhamma,4,15143.0,0.003622403162970586
dhamma,5,10912.0,0.002610292763279075
dhamma,6,13469.0,0.003221960523149364
dhamma,7,28908.0,0.006915170747880453
dhamma,8,15033.0,0.0035960897278568857
dhamma,9,22407.0,0.005360046732660762
dhamma,10,20104.0,0.004809139086598472
dhamma,11,30306.0,0.007249590586870936
dhamma,12,13267.0,0.0031736394877587507
dhamma,13,7218.0,0.0017266397695517195
dhamma,14,9457.0,0.0022622377806387657
dhamma,15,27756.0,0.006639597318326064
dhamma,16,10835.0,0.002591873358699485
dhamma,17,14935.0,0.003572646849301043
dhamma,18,13653.0,0.00326597572370319
dhamma,19,46056.0,0.01101719606905985
dhamma,20,21144.0,0.0050579206549461846
dhamma,21,13918.0,0.003329367181022559
dhamma,22,12335.0,0.0029506929284317624
dhamma,23,11655.0,0.0027880280568197964
dhamma,24,11547.0,0.0027621930477990725
dhamma,25,22700.0,0.0054301361552818
dhamma,26,51639.0,0.012352722507603386
dhamma,27,7535.0,0.0018024703052884742
dhamma,28,9317.0,0.0022287479541304197
dhamma,29,18024.0,0.004311575949903047
dhamma,30,8828.0,0.0021117727743976975
dhamma,31,17458.0,0.004176181365590734
dhamma,32,29467.0,0.007048890840867348
dhamma,33,7216.0,0.0017261613434587431
dhamma,34,11523.0,0.002756451934683356
dhamma,35,16256.0,0.0038886472837119357
dhamma,36,9057.0,0.002166552562043492
dhamma,37,9446.0,0.002259606437127396
dhamma,38,8154.0,0.0019505431810646608
dhamma,39,7532.0,0.0018017526661490096
dhamma,40,8239.0,0.0019708762900161564
dhamma,41,9266.0,0.0022165480887595223
dhamma,42,8395.0,0.0020081935252683134
dhamma,43,23609.0,0.00564758081453956
dhamma,44,12000.0,0.0028705565578582204
dhamma,45,11594.0,0.002773436060984017
dhamma,46,11192.0,0.002677272416295767
dhamma,47,12921.0,0.0030908717736738388
dhamma,48,28312.0,0.006772599772173494
dhamma,49,9099.0,0.0021765995099959955
dhamma,50,12124.0,0.0029002189756227553
dhamma,51,31288.0,0.007484497798522333
dhamma,52,7905.0,0.0018909791324891027
dhamma,53,11014.0,0.00263469249402087
dhamma,54,29296.0,0.007007985409917868
dhamma,55,9155.0,0.002189995440599334
dhamma,56,39480.0,0.009444131075353544
dhamma,57,10701.0,0.002559818810470068
dhamma,58,7327.0,0.0017527139916189316
dhamma,59,16259.0,0.0038893649228514005
dhamma,60,8390.0,0.002006997460035872
dhamma,61,12653.0,0.003026762677215005
dhamma,62,26145.0,0.006254225100433598
dhamma,63,10544.0,0.002522262362171423
dhamma,64,11863.0,0.002837784370489339
dhamma,65,30085.0,0.007196724503597047
dhamma,66,19767.0,0.004728524289931954
dhamma,67,21010.0,0.005025866106716768
dhamma,68,21356.0,0.00510863382080168
dhamma,69,10310.0,0.0024662865092931877
dhamma,70,18437.0,0.004410370938102667
dhamma,71,9417.0,0.0022526692587792386
dhamma,72,20053.0,0.0047969392212275745
dhamma,73,21763.0,0.0052059935307223705
dhamma,74,19554.0,0.00467757191102997
dhamma,75,11430.0,0.002734205121359955
dhamma,76,12786.0,0.003058578012397934
dhamma,77,22442.0,0.0053684191892878486
dhamma,78,25242.0,0.006038215719454766
dhamma,79,9223.0,0.0022062619277605305
dhamma,80,27377.0,0.006548935573707042
dhamma,81,15967.0,0.0038195147132768503
dhamma,82,9684.0,0.002316539142191584
dhamma,83,34985.0,0.008368868431389153
dhamma,84,9177.0,0.002195258127622074
dhamma,85,14369.0,0.0034372522649887306
dhamma,86,23975.0,0.005735132789554236
dhamma,87,24270.0,0.00580570063826825
dhamma,88,4342.0,0.0010386630478516994
dhamma,89,16262.0,0.003890082561990865
dhamma,90,35907.0,0.00858942286025126
dhamma,91,25946.0,0.006206621704182449
dhamma,92,9664.0,0.00231175488126182
dhamma,93,23011.0,0.0055045314127396255
dhamma,94,9914.0,0.0023715581428838664
dhamma,95,11505.0,0.002752146099846569
dhamma,96,10936.0,0.0026160338763947916
dhamma,97,19763.0,0.004727567437746001
dhamma,98,11230.0,0.0026863625120623178
dhamma,99,22421.0,0.005363395715311596
dhamma,100,6194.0,0.0014816856099478181
dhamma,101,14965.0,0.003579823240695689
dhamma,102,11250.0,0.0026911467729920815
dhamma,103,23714.0,0.00567269818442082
dhamma,104,10537.0,0.0025205878708460055
dhamma,105,12412.0,0.0029691123330113527
dhamma,106,12019.0,0.0028751016057414957
dhamma,107,17783.0,0.004253925605699395
dhamma,108,9568.0,0.0022887904287989544
dhamma,109,11161.0,0.002669856811854633
dhamma,110,7962.0,0.0019046142761389292
dhamma,111,28279.0,0.006764705741639385
dhamma,112,20655.0,0.004940945475213462
dhamma,113,12974.0,0.0031035500651377126
dhamma,114,9219.0,0.0022053050755745777
dhamma,115,10711.0,0.00256221094093495
dhamma,116,10822.0,0.0025887635890951386
dhamma,117,8843.0,0.00211536097009502
dhamma,118,19363.0,0.004631882219150727
dhamma,119,29423.0,0.007038365466821868
dhamma,120,8190.0,0.0019591548507382353
dhamma,121,13803.0,0.003301857680676418
dhamma,122,17656.0,0.004223545548795395
dhamma,123,22984.0,0.005498072660484445
dhamma,124,6636.0,0.001587417776495596
dhamma,125,17353.0,0.004151063995709475
dhamma,126,9389.0,0.0022459712934775693
dhamma,127,8885.0,0.002125407918047524
dhamma,128,15494.0,0.0037063669422879386
dhamma,129,15967.0,0.0038195147132768503
dhamma,130,22618.0,0.005410520685469769
dhamma,131,10978.0,0.002626080824347295
dhamma,132,21250.0,0.005083277237873932
dhamma,133,11715.0,0.0028023808396090877
dhamma,134,7886.0,0.001886434084605827
dhamma,135,20950.0,0.005011513323927476
dhamma,136,8113.0,0.001940735446158645
dhamma,137,10006.0,0.0023935657431607793
dhamma,138,8351.0,0.001997668151222833
dhamma,139,12248.0,0.0029298813933872903
dhamma,140,27357.0,0.006544151312777278
dhamma,141,24418.0,0.005841104169148502
dhamma,142,9847.0,0.002355530868769158
dhamma,143,19567.0,0.004680681680634316
dhamma,144,13616.0,0.0032571248409831275
dhamma,145,16567.0,0.003963042541169762
dhamma,146,17144.0,0.004101068468993444
dhamma,147,12553.0,0.0030028413725661867
dhamma,148,28112.0,0.006724757162875857
dhamma,149,12817.0,0.0030659936168390676
dhamma,150,17915.0,0.004285501727835835
dhamma,151,11418.0,0.0027313345648020968
dhamma,152,7819.0,0.0018704068104911187
dhamma,153,29586.0,0.0070773571933994426
dhamma,154,16970.0,0.0040594453989045
dhamma,155,16415.0,0.003926682158103557
dhamma,156,28138.0,0.006730976702084551
dhamma,157,17706.0,0.004235506201119804
dhamma,158,8737.0,0.0020900043871672725
dhamma,159,14551.0,0.0034807890394495805
dhamma,160,22880.0,0.005473194503649674
dhamma,161,36531.0,0.008738691801259888
dhamma,162,8032.0,0.0019213591893931022
dhamma,163,19081.0,0.004564424140041059
dhamma,164,10374.0,0.0024815961442684314
dhamma,165,12528.0,0.002996861046403982
dhamma,166,8246.0,0.001972550781341574
dhamma,167,16688.0,0.003991987319794832
dhamma,168,10500.0,0.0025117369881259427
dhamma,169,25304.0,0.006053046928337034
dhamma,170,12335.0,0.0029506929284317624
dhamma,171,18387.0,0.004398410285778258
dhamma,172,28461.0,0.006808242516100234
dhamma,173,16628.0,0.003977634537005541
dhamma,174,20503.0,0.004904585092147257
dhamma,175,16765.0,0.004010406724374422
dhamma,176,24456.0,0.005850194264915053
dhamma,177,10214.0,0.002443322056830322
dhamma,178,23935.0,0.005725564267694708
dhamma,179,5257.0,0.0012575429853883887
dhamma,180,16910.0,0.0040450926161152085
dhamma,181,18195.0,0.004352481380852527
dhamma,182,24714.0,0.005911911230909005
dhamma,183,11568.0,0.002767216521775324
dhamma,184,14369.0,0.0034372522649887306
dhamma,185,15604.0,0.0037326803774016394
dhamma,186,14668.0,0.003508776965888698
dhamma,187,10368.0,0.0024801608659895022
dhamma,188,11450.0,0.0027389893822897184
dhamma,189,17773.0,0.004251533475234512
dhamma,190,16467.0,0.003939121236520943
dhamma,191,10510.0,0.0025141291185908246
dhamma,192,12393.0,0.002964567285128077
dhamma,193,14960.0,0.003578627175463248
dhamma,194,9459.0,0.002262716206731742
dhamma,195,11699.0,0.0027985534308652767
dhamma,196,9894.0,0.0023667738819541026
dhamma,197,13649.0,0.0032650188715172375
dhamma,198,11888.0,0.0028437646966515437
dhamma,199,5398.0,0.0012912720249432228
dhamma,200,7785.0,0.0018622735669105205
dhamma,201,12274.0,0.002936100932595983
dhamma,202,8010.0,0.001916096502370362
dhamma,203,13727.0,0.0032836774891433157
dhamma,204,28470.0,0.006810395433518628
dhamma,205,15264.0,0.003651347941595656
dhamma,206,18074.0,0.0043235366022274565
dhamma,207,43868.0,0.010493797923343701
dhamma,208,9107.0,0.002178513214367901
dhamma,209,11972.0,0.002863858592556551
dhamma,210,40249.0,0.009628085908102959
dhamma,211,28894.0,0.006911821765229618
dhamma,212,13916.0,0.0033288887549295827
dhamma,213,12214.0,0.002921748149806692
dhamma,214,9002.0,0.0021533958444866414
dhamma,215,25113.0,0.0060073572364577905
dhamma,216,10031.0,0.002399546069322984
dhamma,217,10415.0,0.002491403879174447
dhamma,218,10209.0,0.002442125991597881
dhamma,219,16750.0,0.004006818528677099
dhamma,220,20809.0,0.0049777842843726425
dhamma,221,15995.0,0.0038262126785785196
dhamma,222,8837.0,0.002113925691816091
dhamma,223,25077.0,0.005998745566784216
dhamma,224,8045.0,0.0019244689589974487
dhamma,225,14233.0,0.0034047192906663374
dhamma,226,17190.0,0.0041120722691319
dhamma,227,10973.0,0.0026248847591148544
dhamma,228,29527.0,0.00706324362365664
dhamma,229,26084.0,0.006239633104597818
dhamma,230,11040.0,0.002640912033229563
dhamma,231,12045.0,0.0028813211449501886
dhamma,232,15507.0,0.0037094767118922853
dhamma,233,9899.0,0.0023679699471865438
dhamma,234,8839.0,0.0021144041179090673
dhamma,235,12202.0,0.0029188775932488336
dhamma,236,19579.0,0.0046835522371921744
dhamma,237,34088.0,0.00815429432868925
dhamma,238,15148.0,0.0036235992282030267
dhamma,239,9817.0,0.0023483544773745123
dhamma,240,24435.0,0.005845170790938801
dhamma,241,11181.0,0.0026746410727843967
dhamma,242,11772.0,0.0028160159832589142
dhamma,243,9590.0,0.0022940531158216946
dhamma,244,11631.0,0.00278228694370408
dhamma,245,30328.0,0.0072548532738936754
dhamma,246,28706.0,0.006866849712489839
dhamma,247,16503.0,0.003947732906194518
dhamma,248,9774.0,0.0023380683163755204
dhamma,249,33303.0,0.007966512087196027
dhamma,250,34184.0,0.008177258781152117
dhamma,251,23679.0,0.005664325727793734
dhamma,252,10256.0,0.0024533690047828256
dhamma,253,7817.0,0.0018699283843981423
dhamma,254,24243.0,0.0057992418860130695
dhamma,255,17457.0,0.004175942152544246
bofm,0,518036.0,0.005860506204849239
bofm,1,375615.0,0.0042493070715827605
bofm,2,303106.0,0.003429017662338203
bofm,3,288790.0,0.0032670617233134603
bofm,4,309857.0,0.0035053912683982785
bofm,5,308039.0,0.003484824357449202
bofm,6,381133.0,0.004311731832098165
bofm,7,328194.0,0.003712836508262536
bofm,8,313997.0,0.0035522268081833045
bofm,9,415669.0,0.0047024352625367315
bofm,10,397260.0,0.004494175491545778
bofm,11,403832.0,0.004568524082721428
bofm,12,303462.0,0.0034330450662424226
bofm,13,213013.0,0.0024098016512627517
bofm,14,433528.0,0.004904472920754312
bofm,15,528554.0,0.005979495626940762
bofm,16,191638.0,0.0021679877230248445
bofm,17,475474.0,0.005379005179648687
bofm,18,256764.0,0.0029047537529861053
bofm,19,317583.0,0.0035927949834656967
bofm,20,562886.0,0.006367891219187023
bofm,21,331843.0,0.003754117398280787
bofm,22,344771.0,0.0039003709872519996
bofm,23,334088.0,0.0037795149313284643
bofm,24,361913.0,0.004094297272999565
bofm,25,269050.0,0.003043744439410944
bofm,26,348102.0,0.00393805436479401
bofm,27,254044.0,0.0028739825770886965
bofm,28,180943.0,0.0020469959119135267
bofm,29,366582.0,0.004147117353979345
bofm,30,296246.0,0.003351410946655768
bofm,31,538643.0,0.006093631801069054
bofm,32,482515.0,0.005458659536080177
bofm,33,237779.0,0.0026899777329815826
bofm,34,282014.0,0.003190405293945504
bofm,35,274989.0,0.0031109319444310576
bofm,36,187562.0,0.002121876210907993
bofm,37,222319.0,0.002515079799388224
bofm,38,254978.0,0.0028845488558711155
bofm,39,299952.0,0.003393336673815987
bofm,40,238541.0,0.002698598187405783
bofm,41,351165.0,0.00397270587647554
bofm,42,275959.0,0.0031219054887768245
bofm,43,752450.0,0.008512415920590093
bofm,44,328371.0,0.0037148388972823303
bofm,45,273752.0,0.003096937847157126
bofm,46,347718.0,0.003933710198784964
bofm,47,337820.0,0.0038217347947288793
bofm,48,337291.0,0.003815750253534126
bofm,49,254002.0,0.002873507433931457
bofm,50,322494.0,0.0036483527940657607
bofm,51,396979.0,0.0044909965575652
bofm,52,223892.0,0.0025328750419200707
bofm,53,278226.0,0.0031475519063354366
bofm,54,757520.0,0.008569772487428278
bofm,55,294733.0,0.0033342944800628348
bofm,56,502903.0,0.005689307600122958
bofm,57,337162.0,0.003814290885265462
bofm,58,249258.0,0.002819838883028036
bofm,59,361386.0,0.004088335357669442
bofm,60,216164.0,0.0024454487009880218
bofm,61,204315.0,0.002311401765984936
bofm,62,345267.0,0.0039059822016803505
bofm,63,243813.0,0.0027582399665716426
bofm,64,360907.0,0.0040829164630904495
bofm,65,593447.0,0.006713625743672575
bofm,66,185662.0,0.002100381639509068
bofm,67,332500.0,0.0037615499948118894
bofm,68,397761.0,0.004499843270635705
bofm,69,235323.0,0.002662193171215393
bofm,70,592118.0,0.006698590856625643
bofm,71,284464.0,0.0032181219781178025
bofm,72,143769.0,0.0016264489660274
bofm,73,337107.0,0.003813668673988125
bofm,74,334620.0,0.0037855334113201635
bofm,75,285670.0,0.003231765374489962
bofm,76,276863.0,0.003132132379589787
bofm,77,268327.0,0.003035565189347037
bofm,78,892357.0,0.0100951743420161
bofm,79,185249.0,0.00209570939846288
bofm,80,641398.0,0.007256092161119868
bofm,81,342137.0,0.0038705727235337005
bofm,82,620472.0,0.007019357739491496
bofm,83,478972.0,0.005418577816887339
bofm,84,196147.0,0.002218997734834188
bofm,85,548774.0,0.006208243118354585
bofm,86,464240.0,0.005251915698019463
bofm,87,510576.0,0.005776111729777669
bofm,88,236242.0,0.0026725897560130837
bofm,89,850730.0,0.009624250908530281
bofm,90,678227.0,0.007672736145357243
bofm,91,531172.0,0.0060091128837420175
bofm,92,349242.0,0.003950951107633365
bofm,93,299345.0,0.0033864697239006465
bofm,94,286876.0,0.003245408770862122
bofm,95,468740.0,0.00530282389343797
bofm,96,331371.0,0.0037487776942280015
bofm,97,272353.0,0.003081111054848128
bofm,98,267678.0,0.0030282230962744567
bofm,99,581410.0,0.006577451977394227
bofm,100,231939.0,0.002623910208260676
bofm,101,786097.0,0.008893062154200427
bofm,102,583733.0,0.006603731919162492
bofm,103,221445.0,0.0025051922965447183
bofm,104,337365.0,0.003816587410525453
bofm,105,357244.0,0.004041477192019785
bofm,106,331319.0,0.0037481894217476102
bofm,107,396382.0,0.0044842427369730115
bofm,108,193474.0,0.0021887582667555953
bofm,109,280581.0,0.0031741938619377886
bofm,110,313413.0,0.003545620055711214
bofm,111,273308.0,0.0030919149052091666
bofm,112,294912.0,0.0033363194949472597
bofm,113,270210.0,0.003056867440896603
bofm,114,254071.0,0.0028742880262612076
bofm,115,302035.0,0.0034169015118285986
bofm,116,337345.0,0.003816361151879148
bofm,117,355012.0,0.004016226727092205
bofm,118,574608.0,0.006500501411786075
bofm,119,506896.0,0.005734480138857646
bofm,120,225993.0,0.0025566435127143557
bofm,121,390690.0,0.004419849526234758
bofm,122,497313.0,0.005626068308480858
bofm,123,551533.0,0.006239455498612288
bofm,124,246786.0,0.0027918733143448026
bofm,125,397524.0,0.0044971621056769965
bofm,126,283368.0,0.003205723004300317
bofm,127,337472.0,0.0038177978942831817
bofm,128,311876.0,0.003528232078742715
bofm,129,312566.0,0.0035360380020402196
bofm,130,267957.0,0.0030313794043904043
bofm,131,240764.0,0.0027237468359425253
bofm,132,606738.0,0.006863985927074214
bofm,133,201622.0,0.0022809360392600383
bofm,134,173692.0,0.0019649658396958397
bofm,135,323806.0,0.003663195361263334
bofm,136,200224.0,0.0022651205598833556
bofm,137,241478.0,0.0027318242696155954
bofm,138,264787.0,0.002995517408951145
bofm,139,182142.0,0.00206056011775948
bofm,140,397658.0,0.004498678038607237
bofm,141,328704.0,0.0037186061037433
bofm,142,235137.0,0.0026600889658047614
bofm,143,440928.0,0.0049881886198869674
bofm,144,347919.0,0.003935984098180324
bofm,145,230443.0,0.0026069860615171012
bofm,146,363890.0,0.004116662940186762
bofm,147,259926.0,0.0029405252449668426
bofm,148,526113.0,0.005951880759159301
bofm,149,333071.0,0.003768009679163882
bofm,150,352256.0,0.003985048285631449
bofm,151,226777.0,0.002565512851649491
bofm,152,215220.0,0.0024347692928824503
bofm,153,848439.0,0.009598332980596104
bofm,154,245571.0,0.002778128101581806
bofm,155,619454.0,0.0070078411743945985
bofm,156,304735.0,0.0034474464290797026
bofm,157,287360.0,0.0032508842301026903
bofm,158,229969.0,0.0026016237315996853
bofm,159,228238.0,0.002582041045762033
bofm,160,516797.0,0.005846489481710676
bofm,161,230871.0,0.002611827996548017
bofm,162,276948.0,0.003133093978836581
bofm,163,303879.0,0.003437762559017871
bofm,164,267624.0,0.003027612197929435
bofm,165,232504.0,0.0026303020150187776
bofm,166,182354.0,0.0020629584594103077
bofm,167,249044.0,0.002817417915512578
bofm,168,339356.0,0.003839111458765063
bofm,169,224706.0,0.002542083768824663
bofm,170,184945.0,0.002092270267039052
bofm,171,494766.0,0.005597254269873983
bofm,172,330620.0,0.0037402816820592687
bofm,173,322795.0,0.003651757986692643
bofm,174,504820.0,0.005710994491371242
bofm,175,310222.0,0.003509520488693335
bofm,176,439060.0,0.004967056062322129
bofm,177,287712.0,0.003254866382277649
bofm,178,224742.0,0.0025424910343880107
bofm,179,158892.0,0.0017975344414305284
bofm,180,288415.0,0.003262819373695251
bofm,181,276864.0,0.003132143692522102
bofm,182,229965.0,0.0026015784798704244
bofm,183,247236.0,0.0027969641338866534
bofm,184,293486.0,0.0033201872534657506
bofm,185,380544.0,0.004305068514964498
bofm,186,504448.0,0.005706786080549978
bofm,187,224545.0,0.0025402623867219116
bofm,188,256349.0,0.002900058886075287
bofm,189,389269.0,0.004403773849414825
bofm,190,265418.0,0.003002655869242051
bofm,191,324767.0,0.0036740670892182643
bofm,192,262742.0,0.0029723824623665127
bofm,193,274674.0,0.003107368370751762
bofm,194,260177.0,0.0029433647909779636
bofm,195,241042.0,0.0027268918311261574
bofm,196,291680.0,0.0032997560977044565
bofm,197,327611.0,0.0037062410687227604
bofm,198,238411.0,0.002697127506204804
bofm,199,158140.0,0.0017890271163294802
bofm,200,146793.0,0.0016606592733486366
bofm,201,307477.0,0.003478466489488046
bofm,202,353716.0,0.004001565166811676
bofm,203,278612.0,0.003151918698209113
bofm,204,596198.0,0.006744747620471755
bofm,205,530578.0,0.006002393001946774
bofm,206,268017.0,0.0030320581803293177
bofm,207,328464.0,0.0037158909999876464
bofm,208,217960.0,0.0024657667274261635
bofm,209,402871.0,0.004557652354766498
bofm,210,450259.0,0.00509374959132032
bofm,211,454314.0,0.005139623531858552
bofm,212,408566.0,0.004622079504301697
bofm,213,391053.0,0.004423956120665184
bofm,214,298212.0,0.003373652171587498
bofm,215,307157.0,0.0034748463511471745
bofm,216,248457.0,0.0028107772242435417
bofm,217,293975.0,0.003325719277367895
bofm,218,246952.0,0.0027937512611091297
bofm,219,182112.0,0.0020602207297900233
bofm,220,515354.0,0.0058301649203798085
bofm,221,188875.0,0.0021367300910378815
bofm,222,224491.0,0.0025396514883768897
bofm,223,334024.0,0.00377879090366029
bofm,224,234160.0,0.002649036230932788
bofm,225,311129.0,0.003519781318303243
bofm,226,315423.0,0.0035683590496648136
bofm,227,312574.0,0.0035361285054987413
bofm,228,784081.0,0.008870255282652935
bofm,229,244758.0,0.002768930687609529
bofm,230,210129.0,0.0023771751544656465
bofm,231,509982.0,0.005769391847982427
bofm,232,282492.0,0.003195812875592181
bofm,233,314685.0,0.0035600101056161787
bofm,234,239012.0,0.0027039265785262535
bofm,235,283650.0,0.0032089132512132103
bofm,236,421772.0,0.004771478088456542
bofm,237,313759.0,0.0035495343302922814
bofm,238,199510.0,0.002257043126210286
bofm,239,580381.0,0.006565810970041862
bofm,240,593841.0,0.006718083039004773
bofm,241,376897.0,0.004263810250810877
bofm,242,304062.0,0.003439832825631557
bofm,243,285949.0,0.0032349216826059097
bofm,244,354487.0,0.004010287437626713
bofm,245,444569.0,0.005029379006446697
bofm,246,531712.0,0.0060152218671922384
bofm,247,299419.0,0.003387306880891973
bofm,248,321148.0,0.0036331255871694694
bofm,249,650699.0,0.007361313744583764
bofm,250,576199.0,0.006518500287099597
bofm,251,216159.0,0.0024453921363264456
bofm,252,460846.0,0.005213519605741594
bofm,253,253914.0,0.002872511895887717
bofm,254,175970.0,0.001990736699509919
bofm,255,328399.0,0.003715155659387157
analects,0,30380.0,0.002800883375383462
analects,1,35024.0,0.003229036844615878
analects,2,33765.0,0.0031129633696452465
analects,3,30448.0,0.002807152633761542
analects,4,39183.0,0.0036124757504163987
analects,5,17718.0,0.0016335105873944759
analects,6,41611.0,0.0038363251525043197
analects,7,63069.0,0.005814644950693205
analects,8,25256.0,0.002328476317599892
analects,9,28518.0,0.0026292163297954433
analects,10,53670.0,0.004948104369875918
analects,11,32818.0,0.0030256547272328655
analects,12,38486.0,0.003548215852041077
analects,13,22212.0,0.002047834810204656
analects,14,48742.0,0.004493767527417403
analects,15,62401.0,0.005753058706626182
analects,16,60128.0,0.005543499525841238
analects,17,27875.0,0.0025699349601321264
analects,18,64522.0,0.005948604251036594
analects,19,32545.0,0.0030004854987443967
analects,20,35056.0,0.0032319870838526214
analects,21,51502.0,0.004748225661586539
analects,22,35615.0,0.0032835240755194864
analects,23,32473.0,0.0029938474604617234
analects,24,32216.0,0.0029701533515916266
analects,25,74732.0,0.006889914957510101
analects,26,41833.0,0.0038567924372092284
analects,27,24412.0,0.002250663757730779
analects,28,42090.0,0.0038804865460793257
analects,29,56915.0,0.00524727706747695
analects,30,26726.0,0.002464002932537801
analects,31,59082.0,0.005447063580790181
analects,32,36193.0,0.003336812771733168
analects,33,25972.0,0.00239448792052203
analects,34,25947.0,0.002392183046118324
analects,35,23261.0,0.0021445473401841574
analects,36,67387.0,0.006212742857701296
analects,37,31467.0,0.0029010993144565965
analects,38,41989.0,0.0038711748534883536
analects,39,20697.0,0.001908159421340076
analects,40,37082.0,0.0034187741055289513
analects,41,24725.0,0.0022795207852651777
analects,42,23200.0,0.002138923446639115
analects,43,32359.0,0.0029833372331808244
analects,44,58162.0,0.005362244202733802
analects,45,25181.0,0.002321561694388774
analects,46,53693.0,0.004950224854327328
analects,47,37877.0,0.0034920691115668
analects,48,47720.0,0.004399544261793904
analects,49,34126.0,0.0031462457560347606
analects,50,23759.0,0.00219046043830598
analects,51,66012.0,0.0060859747654974684
analects,52,28606.0,0.002637329487696488
analects,53,34635.0,0.0031931729988942136
analects,54,57197.0,0.005273276050750753
analects,55,27691.0,0.0025529710845208506
analects,56,53503.0,0.0049327078088591625
analects,57,30858.0,0.0028449525739823196
analects,58,21987.0,0.0020270909405713028
analects,59,51591.0,0.0047564310144637325
analects,60,22543.0,0.002078351347309723
analects,61,27333.0,0.0025199652830597817
analects,62,45300.0,0.004176432419515169
analects,63,26022.0,0.002399097669329442
analects,64,17645.0,0.0016267803541356546
analects,65,108988.0,0.010048146060444133
analects,66,20383.0,0.0018792101988295295
analects,67,47291.0,0.00435999261702631
analects,68,33639.0,0.003101346802650569
analects,69,48206.0,0.004444351020201948
analects,70,53196.0,0.004904403951181654
analects,71,42208.0,0.0038913655532648176
analects,72,22259.0,0.0020521679740836234
analects,73,45300.0,0.004176432419515169
analects,74,53652.0,0.00494644486030525
analects,75,26882.0,0.0024783853488169263
analects,76,76455.0,0.007048766901413515
analects,77,28104.0,0.002591047609670073
analects,78,96229.0,0.008871830359768768
analects,79,23899.0,0.0022033677349667332
analects,80,73273.0,0.0067554024873098225
analects,81,39148.0,0.00360924892625121
analects,82,48409.0,0.00446306660036004
analects,83,70717.0,0.006519752128274927
analects,84,55551.0,0.005121523120010753
analects,85,38855.0,0.003582235798239777
analects,86,28620.0,0.0026386202173625637
analects,87,60336.0,0.005562676080880071
analects,88,17402.0,0.0016043769749316328
analects,89,42129.0,0.0038840821501491068
analects,90,47979.0,0.004423422760616298
analects,91,44402.0,0.004093641330934051
analects,92,104688.0,0.009651707663006711
analects,93,90997.0,0.008389466244561187
analects,94,24829.0,0.0022891090627845945
analects,95,26781.0,0.0024690736562259542
analects,96,27914.0,0.002573530564201908
analects,97,28950.0,0.002669044559491482
analects,98,113817.0,0.010493355600263973
analects,99,43529.0,0.00401315511675664
analects,100,19149.0,0.0017654415982626041
analects,101,42934.0,0.003958299105948439
analects,102,24155.0,0.0022269696488606823
analects,103,25732.0,0.002372361126246453
analects,104,24408.0,0.0022502949778261862
analects,105,34447.0,0.003175840343378345
analects,106,37553.0,0.003462197939294771
analects,107,73880.0,0.0068113648378318025
analects,108,37718.0,0.0034774101103592302
analects,109,29620.0,0.0027308151935108013
analects,110,29330.0,0.0027040786504278123
analects,111,41291.0,0.0038068227601368836
analects,112,28050.0,0.0025860690809580682
analects,113,30985.0,0.002856661335953146
analects,114,51149.0,0.004715680835006211
analects,115,65558.0,0.006044118246326169
analects,116,33632.0,0.003100701437817531
analects,117,28915.0,0.002665817735326294
analects,118,62457.0,0.0057582216252904835
analects,119,44664.0,0.00411779641468489
analects,120,21903.0,0.002019346562574851
analects,121,39834.0,0.0036724946798889014
analects,122,51121.0,0.0047130993756740605
analects,123,44907.0,0.004140199793888911
analects,124,26573.0,0.002449897101187121
analects,125,30629.0,0.0028238399244443733
analects,126,24814.0,0.0022877261381423707
analects,127,28603.0,0.0026370529027680435
analects,128,34739.0,0.00320276127641363
analects,129,40555.0,0.003738967257691781
analects,130,36077.0,0.003326118154499972
analects,131,60710.0,0.005597157001959512
analects,132,36787.0,0.003391576587565221
analects,133,63524.0,0.005856593664840653
analects,134,21506.0,0.0019827451570440004
analects,135,66790.0,0.006157702456940797
analects,136,18875.0,0.0017401801747979869
analects,137,29933.0,0.0027596722210452
analects,138,22094.0,0.002036955803019164
analects,139,26364.0,0.0024306283511721393
analects,140,49334.0,0.00454834695329716
analects,141,31827.0,0.002934289505869962
analects,142,24784.0,0.0022849602888579236
analects,143,23641.0,0.002179581431120488
analects,144,26271.0,0.002422054218390353
analects,145,20494.0,0.0018894438411819839
analects,146,92846.0,0.00855993475545928
analects,147,23052.0,0.002125278590169176
analects,148,73342.0,0.006761763940664051
analects,149,37976.0,0.0035011964142054757
analects,150,48444.0,0.004466293424525228
analects,151,58519.0,0.0053951578092187235
analects,152,23078.0,0.0021276756595490303
analects,153,65882.0,0.006073989418598198
analects,154,53902.0,0.00496949360434231
analects,155,26475.0,0.0024408619935245937
analects,156,57354.0,0.005287750662006026
analects,157,41770.0,0.0038509841537118896
analects,158,37486.0,0.0034560208758928393
analects,159,38398.0,0.003540102694140032
analects,160,47219.0,0.004353354578743637
analects,161,68823.0,0.006345134843450164
analects,162,30454.0,0.0028077058036184315
analects,163,66676.0,0.006147192229659898
analects,164,26290.0,0.0024238059229371696
analects,165,24252.0,0.002235912561547061
analects,166,22544.0,0.0020784435422858713
analects,167,27035.0,0.002492491180167607
analects,168,38684.0,0.003566470457318428
analects,169,57547.0,0.0053055442924026365
analects,170,24251.0,0.002235820366570913
analects,171,115099.0,0.010611549559686014
analects,172,38831.0,0.003580023118812219
analects,173,38154.0,0.003517607119959862
analects,174,51931.0,0.004787777306354133
analects,175,41002.0,0.003780178412030043
analects,176,32646.0,0.003009797191335369
analects,177,37269.0,0.003436014566068672
analects,178,50664.0,0.0046709662715743155
analects,179,14868.0,0.0013707549053719984
analects,180,27634.0,0.002547715970880401
analects,181,60236.0,0.005553456583265248
analects,182,26630.0,0.0024551522148275706
analects,183,24673.0,0.0022747266465054693
analects,184,24256.0,0.002236281341451654
analects,185,64564.0,0.00595247644003482
analects,186,45700.0,0.004213310409974464
analects,187,30446.0,0.0028069682438092458
analects,188,28347.0,0.002613450988874095
analects,189,45847.0,0.004226863071468255
analects,190,58004.0,0.005347677396502381
analects,191,38048.0,0.003507834452488149
analects,192,30558.0,0.0028172940811378483
analects,193,69692.0,0.006425252277722983
analects,194,31953.0,0.00294590607286464
analects,195,32765.0,0.003020768393497009
analects,196,34410.0,0.00317242912926086
analects,197,31511.0,0.0029051558934071187
analects,198,52616.0,0.004850930865015676
analects,199,21755.0,0.0020057017061049114
analects,200,42055.0,0.0038772597219141375
analects,201,29900.0,0.0027566297868323077
analects,202,25435.0,0.0023449792183304263
analects,203,54935.0,0.005064731014703439
analects,204,74239.0,0.00684446283426902
analects,205,75438.0,0.006955004610670757
analects,206,26834.0,0.002473959989961811
analects,207,81003.0,0.0074680696529357
analects,208,26284.0,0.0024232527530802803
analects,209,32304.0,0.0029782665094926714
analects,210,42049.0,0.0038767065520572477
analects,211,51341.0,0.004733382270426673
analects,212,37180.0,0.0034278092131914783
analects,213,101831.0,0.009388306616151195
analects,214,34611.0,0.003190960319466656
analects,215,77817.0,0.007174336458927415
analects,216,22283.0,0.002054380653511181
analects,217,29920.0,0.0027584736863552725
analects,218,20497.0,0.0018897204261104285
analects,219,22031.0,0.0020311475195218254
analects,220,56253.0,0.005186243993266816
analects,221,40311.0,0.003716471683511611
analects,222,20332.0,0.0018745082550459694
analects,223,56421.0,0.005201732749259721
analects,224,37200.0,0.003429653112714443
analects,225,33771.0,0.003113516539502136
analects,226,53797.0,0.004959813131846745
analects,227,36769.0,0.0033899170779945528
analects,228,90641.0,0.008356644833052415
analects,229,31240.0,0.0028801710548709463
analects,230,54869.0,0.005058646146277656
analects,231,37927.0,0.003496678860374212
analects,232,31508.0,0.002904879308478674
analects,233,43428.0,0.004003843424165668
analects,234,43161.0,0.003979227365534088
analects,235,54053.0,0.004983415045740694
analects,236,67294.0,0.006204168724919509
analects,237,68828.0,0.0063455958183309055
analects,238,25951.0,0.002392551826022917
analects,239,33682.0,0.003105311186624943
analects,240,49453.0,0.0045593181554588
analects,241,44107.0,0.004066443812970321
analects,242,51903.0,0.004785195847021983
analects,243,25910.0,0.0023887718320008394
analects,244,20567.0,0.0018961740744408051
analects,245,80510.0,0.007422617529694619
analects,246,97378.0,0.008977762387363093
analects,247,64898.0,0.005983269562068331
analects,248,42563.0,0.003924094769797442
analects,249,102209.0,0.00942315631713523
analects,250,30111.0,0.002776082926799586
analects,251,44805.0,0.004130795906321791
analects,252,30103.0,0.0027753453669904
analects,253,28562.0,0.002633272908745966
analects,254,57421.0,0.005293927725407958
analects,255,32171.0,0.0029660045776649557
upanishads,0,24585.0,0.0043975586171220915
upanishads,1,27516.0,0.004921831316198148
upanishads,2,20788.0,0.0037183831007823486
upanishads,3,20748.0,0.00371122823624361
upanishads,4,22011.0,0.003937143084054275
upanishads,5,20484.0,0.0036640061302879367
upanishads,6,22156.0,0.003963079468007202
upanishads,7,39992.0,0.0071534335658306565
upanishads,8,18380.0,0.0032876602555502966
upanishads,9,32117.0,0.005744819609766533
upanishads,10,15587.0,0.0027880718391328878
upanishads,11,17022.0,0.0030447526044601277
upanishads,12,24013.0,0.004295244054218133
upanishads,13,10764.0,0.0019253740473745046
upanishads,14,13410.0,0.00239866833661205
upanishads,15,24441.0,0.004371801104782634
upanishads,16,14065.0,0.0025158292434338913
upanishads,17,19201.0,0.0034345138502079025
upanishads,18,13220.0,0.0023646827300530427
upanishads,19,42541.0,0.007609377308561762
upanishads,20,19740.0,0.0035309256498674024
upanishads,21,18258.0,0.0032658379187071444
upanishads,22,15974.0,0.002857295153545182
upanishads,23,16372.0,0.002928486055705629
upanishads,24,16514.0,0.0029538858248181503
upanishads,25,19303.0,0.0034527587547816853
upanishads,26,63520.0,0.011361924887516585
upanishads,27,12413.0,0.002220333337983995
upanishads,28,13423.0,0.00240099366758714
upanishads,29,20631.0,0.0036903002574678006
upanishads,30,17733.0,0.0031719303216362032
upanishads,31,31576.0,0.005648050066880096
upanishads,32,42729.0,0.007643005171893832
upanishads,33,13895.0,0.002485421069144253
upanishads,34,15003.0,0.0026836108168673068
upanishads,35,27471.0,0.0049137820935920675
upanishads,36,11485.0,0.002054340480685264
upanishads,37,12986.0,0.002322826772501423
upanishads,38,13221.0,0.002364861601666511
upanishads,39,9503.0,0.0016998169427907765
upanishads,40,14316.0,0.002560726018414475
upanishads,41,12729.0,0.002276856767840029
upanishads,42,11516.0,0.0020598855007027865
upanishads,43,30587.0,0.00547114604115979
upanishads,44,16458.0,0.0029438690144639166
upanishads,45,15751.0,0.002817406783741715
upanishads,46,14664.0,0.002622973339901499
upanishads,47,32273.0,0.005772723581467613
upanishads,48,45008.0,0.008050653578988452
upanishads,49,16132.0,0.0028855568684731984
upanishads,50,14726.0,0.0026340633799365435
upanishads,51,47704.0,0.00853289144889942
upanishads,52,11920.0,0.0021321496325440443
upanishads,53,15849.0,0.0028349362018616243
upanishads,54,29701.0,0.005312665791626733
upanishads,55,11715.0,0.0020954809517830103
upanishads,56,32921.0,0.005888632386995175
upanishads,57,16306.0,0.0029166805292167104
upanishads,58,11112.0,0.0019876213688615287
upanishads,59,22285.0,0.003986153906144633
upanishads,60,13796.0,0.0024677127794108756
upanishads,61,17156.0,0.0030687214006649014
upanishads,62,38585.0,0.0069017612056805335
upanishads,63,14397.0,0.0025752146191054203
upanishads,64,25442.0,0.0045508515898645616
upanishads,65,40327.0,0.00721335555634259
upanishads,66,32557.0,0.005823523119692656
upanishads,67,27993.0,0.005007153075822604
upanishads,68,22569.0,0.004036953444369676
upanishads,69,15367.0,0.0027487200841698266
upanishads,70,17686.0,0.003163523355803185
upanishads,71,15997.0,0.0028614092006549563
upanishads,72,17830.0,0.0031892808681426438
upanishads,73,37548.0,0.00671627134251374
upanishads,74,23555.0,0.004213320855249578
upanishads,75,15244.0,0.002726718875713206
upanishads,76,17543.0,0.0031379447150771955
upanishads,77,21958.0,0.003927662888540447
upanishads,78,31793.0,0.005686865207002752
upanishads,79,10620.0,0.0018996165350350462
upanishads,80,33526.0,0.005996849713143593
upanishads,81,17934.0,0.0032078835159433635
upanishads,82,16738.0,0.0029939530662350853
upanishads,83,42441.0,0.007591490147214915
upanishads,84,14789.0,0.0026453322915850567
upanishads,85,19783.0,0.003538617129246546
upanishads,86,39399.0,0.00704736269904386
upanishads,87,22940.0,0.004103314812966475
upanishads,88,7643.0,0.0013671157417394406
upanishads,89,23765.0,0.0042508838940779545
upanishads,90,33099.0,0.005920471534192561
upanishads,91,36505.0,0.006529708249666136
upanishads,92,14322.0,0.0025617992480952857
upanishads,93,25101.0,0.004489856369671817
upanishads,94,16707.0,0.002988408046217563
upanishads,95,24286.0,0.004344076004695022
upanishads,96,15415.0,0.0027573059216163126
upanishads,97,20974.0,0.003751653220887482
upanishads,98,15924.0,0.0028483515728717585
upanishads,99,30907.0,0.005528384957469696
upanishads,100,11761.0,0.0021037090460025594
upanishads,101,23406.0,0.004186668984842777
upanishads,102,20598.0,0.0036843974942233414
upanishads,103,37028.0,0.0066232581035101405
upanishads,104,19320.0,0.0034557995722106494
upanishads,105,18534.0,0.0033152064840244397
upanishads,106,15044.0,0.0026909445530195137
upanishads,107,30745.0,0.005499407756087806
upanishads,108,16067.0,0.0028739302135977487
upanishads,109,16843.0,0.0030127345856492734
upanishads,110,14815.0,0.0026499829535352364
upanishads,111,36607.0,0.006547953154239919
upanishads,112,38422.0,0.006872605132685174
upanishads,113,16624.0,0.0029735617022996806
upanishads,114,13956.0,0.0024963322375658294
upanishads,115,16312.0,0.002917753758897521
upanishads,116,19557.0,0.0034981921446026742
upanishads,117,18127.0,0.0032424057373427765
upanishads,118,24699.0,0.0044179499810574965
upanishads,119,36324.0,0.006497332487628345
upanishads,120,11779.0,0.0021069287350449916
upanishads,121,15550.0,0.0027814535894345547
upanishads,122,15307.0,0.0027379877873617187
upanishads,123,33097.0,0.005920113790965624
upanishads,124,12943.0,0.0023151352931222793
upanishads,125,21468.0,0.0038400157979409017
upanishads,126,10901.0,0.0019498794584196836
upanishads,127,15748.0,0.0028168701689013096
upanishads,128,23757.0,0.004249452921170207
upanishads,129,19591.0,0.003504273779460602
upanishads,130,34854.0,0.006234391215829709
upanishads,131,14845.0,0.0026553491019392903
upanishads,132,28124.0,0.005030585257186972
upanishads,133,15457.0,0.002764818529381988
upanishads,134,13046.0,0.0023335590693095306
upanishads,135,17111.0,0.0030606721780588207
upanishads,136,11418.0,0.0020423560825828775
upanishads,137,14344.0,0.0025657344235915916
upanishads,138,15657.0,0.0028005928520756797
upanishads,139,22247.0,0.003979356784832832
upanishads,140,35652.0,0.00637713076337754
upanishads,141,30989.0,0.00554305242977411
upanishads,142,16191.0,0.0028961102936678374
upanishads,143,22302.0,0.0039891947235735975
upanishads,144,20434.0,0.0036550625496145138
upanishads,145,23943.0,0.00428272304127534
upanishads,146,26214.0,0.004688940475462213
upanishads,147,15346.0,0.0027449637802869887
upanishads,148,30714.0,0.005493862736070283
upanishads,149,16712.0,0.002989302404284905
upanishads,150,18989.0,0.003396593068152589
upanishads,151,14416.0,0.002578613179761321
upanishads,152,14338.0,0.002564661193910781
upanishads,153,36653.0,0.006556181248459469
upanishads,154,19075.0,0.0034119760269108765
upanishads,155,23331.0,0.004173253613832643
upanishads,156,22015.0,0.003937858570508149
upanishads,157,21306.0,0.003811038596559011
upanishads,158,16753.0,0.002996636140437112
upanishads,159,15199.0,0.002718669653107125
upanishads,160,35906.0,0.006422564153198529
upanishads,161,40794.0,0.007296888599832361
upanishads,162,13733.0,0.002456443867762363
upanishads,163,31603.0,0.005652879600443745
upanishads,164,18825.0,0.0033672581235437613
upanishads,165,19341.0,0.003459555876093487
upanishads,166,10857.0,0.0019420091074270713
upanishads,167,14643.0,0.0026192170360186612
upanishads,168,15687.0,0.0028059590004797337
upanishads,169,33745.0,0.006036022596493186
upanishads,170,15257.0,0.0027290442066882957
upanishads,171,20852.0,0.0037298308840443303
upanishads,172,35138.0,0.006285190754054751
upanishads,173,23427.0,0.004190425288725615
upanishads,174,27753.0,0.004964223888590173
upanishads,175,18304.0,0.003274066012926694
upanishads,176,28916.0,0.005172251575053992
upanishads,177,13331.0,0.0023845374791480415
upanishads,178,21146.0,0.0037824191384040573
upanishads,179,12425.0,0.002222479797345617
upanishads,180,19083.0,0.003413406999818624
upanishads,181,17389.0,0.003110398486603053
upanishads,182,36919.0,0.006603761097642079
upanishads,183,21111.0,0.003776158631932661
upanishads,184,13852.0,0.0024777295897651093
upanishads,185,20988.0,0.003754157423476041
upanishads,186,24025.0,0.004297390513579754
upanishads,187,16550.0,0.002960325202903015
upanishads,188,17858.0,0.0031942892733197604
upanishads,189,19502.0,0.003488354205861909
upanishads,190,16327.0,0.0029204368330995483
upanishads,191,12108.0,0.002165777495876115
upanishads,192,14557.0,0.0026038340772603736
upanishads,193,17233.0,0.003082494514901973
upanishads,194,18513.0,0.003311450180141602
upanishads,195,15422.0,0.0027585580229105918
upanishads,196,14455.0,0.002585589172686591
upanishads,197,17512.0,0.0031323996950596736
upanishads,198,15313.0,0.0027390610170425294
upanishads,199,12335.0,0.0022063813521334555
upanishads,200,10648.0,0.0019046249402121633
upanishads,201,20073.0,0.0035904898971523998
upanishads,202,18569.0,0.003321466990495836
upanishads,203,20102.0,0.003595677173942985
upanishads,204,32620.0,0.0058347920313411685
upanishads,205,37190.0,0.006652235304892031
upanishads,206,23738.0,0.004246054360514306
upanishads,207,45963.0,0.008221475969850832
upanishads,208,14683.0,0.0026263719005573997
upanishads,209,27015.0,0.00483221663785045
upanishads,210,53083.0,0.009495041857746267
upanishads,211,40242.0,0.007198151469197772
upanishads,212,20453.0,0.0036584611102704143
upanishads,213,20095.0,0.0035944250726487057
upanishads,214,13610.0,0.002434442659305742
upanishads,215,31203.0,0.005581330955056361
upanishads,216,14681.0,0.0026260141573304628
upanishads,217,17835.0,0.003190175226209986
upanishads,218,12239.0,0.0021892096772404834
upanishads,219,13560.0,0.002425499078632319
upanishads,220,26278.0,0.004700388258724195
upanishads,221,29145.0,0.00521321317453827
upanishads,222,10664.0,0.0019074868860276585
upanishads,223,33302.0,0.0059567824717266585
upanishads,224,14303.0,0.0025584006874393847
upanishads,225,18616.0,0.0033298739563288535
upanishads,226,21346.0,0.0038181934610977495
upanishads,227,13172.0,0.0023560968926065566
upanishads,228,29751.0,0.0053216093723001566
upanishads,229,27512.0,0.004921115829744274
upanishads,230,13133.0,0.0023491208996812866
upanishads,231,22232.0,0.003976673710630805
upanishads,232,20899.0,0.003738237849877348
upanishads,233,14243.0,0.0025476683906312772
upanishads,234,12257.0,0.0021924293662829155
upanishads,235,13010.0,0.002327119691224666
upanishads,236,32981.0,0.005899364683803283
upanishads,237,54259.0,0.009705394875185177
upanishads,238,15284.0,0.0027338737402519443
upanishads,239,23244.0,0.004157691783460886
upanishads,240,28895.0,0.0051684952711711545
upanishads,241,13839.0,0.0024754042587900194
upanishads,242,18758.0,0.0033552737254413747
upanishads,243,13516.0,0.002417628727639707
upanishads,244,21510.0,0.003847528405706577
upanishads,245,26146.0,0.004676777205746358
upanishads,246,37886.0,0.0067767299478660795
upanishads,247,21771.0,0.0038942138968218448
upanishads,248,15771.0,0.0028209842160110844
upanishads,249,36504.0,0.006529529378052667
upanishads,250,47950.0,0.008576893865812662
upanishads,251,16415.0,0.002936177535084773
upanishads,252,13240.0,0.0023682601623224117
upanishads,253,19241.0,0.003441668714746641
upanishads,254,26528.0,0.00474510616209131
upanishads,255,25434.0,0.004549420616956814
