layer,rank,expert,macro_reap,reap_analects,reap_bible,reap_bofm,reap_dhamma,reap_gita,reap_quran,reap_tao,reap_upanishads
0,1,28,3.6477,4.3464,3.4251,3.6852,4.0221,3.043,3.5014,3.7328,3.4258
0,2,4,2.9759,2.3884,3.0369,2.7398,2.4606,4.3927,3.384,2.7566,2.6485
0,3,22,2.6357,2.7528,2.7065,2.8137,2.4192,2.7297,2.8432,2.0299,2.7905
0,4,10,2.5645,2.8055,2.6212,2.9395,1.9786,2.7182,2.3419,2.5874,2.5238
0,5,7,2.3488,2.1035,2.9474,3.1589,1.9617,2.1107,2.8038,1.5055,2.199
0,6,17,2.3359,2.8186,2.0482,2.3011,2.7589,2.4859,2.133,1.6078,2.5337
0,7,1,2.3118,1.9051,2.465,2.656,2.2754,2.5646,2.1627,2.1761,2.2892
0,8,5,2.3064,2.4615,2.3026,2.3641,2.0923,2.7142,2.6038,1.7469,2.1657
0,9,3,2.2281,2.2951,2.1705,2.3315,2.1236,2.3586,2.0528,2.2832,2.2093
0,10,14,2.1836,2.0427,2.7849,2.3621,2.1261,2.146,2.2226,1.6854,2.0986
0,11,31,2.1519,2.1736,2.0845,2.0,2.3844,2.3537,2.0578,1.863,2.2983
0,12,21,2.1263,2.8528,2.1943,2.3678,1.8019,2.293,1.6924,1.9026,1.9061
0,13,27,2.0966,2.0865,2.3793,2.2817,2.0356,1.8607,2.1931,1.9035,2.0326
0,14,24,2.0805,1.9936,2.0493,2.1667,1.9833,1.9152,1.874,2.1497,2.5123
0,15,20,1.9781,6.8569,1.448,1.1971,1.3849,1.595,1.2297,0.9255,1.1879
0,16,8,1.933,1.8831,2.0465,2.0901,2.001,1.9935,2.0016,1.3042,2.1441
0,17,0,1.8692,2.1754,1.8316,1.8709,1.8515,1.5033,1.7267,1.9716,2.0227
0,18,11,1.789,1.9543,1.9341,1.7529,1.7442,1.959,1.8147,1.406,1.7467
0,19,30,1.6222,2.0069,1.4151,1.64,1.6664,1.3577,1.5333,1.6779,1.68
0,20,2,1.5086,1.356,1.5147,1.6785,1.7107,1.5128,1.3208,1.6516,1.324
1,1,19,1.7832,1.7498,2.0253,2.0009,1.8933,1.8051,1.6764,1.6543,1.4603
1,2,8,1.6109,1.6382,1.6401,1.5993,1.5241,1.5567,1.6067,1.6603,1.6618
1,3,2,1.538,1.5462,1.8157,1.8155,1.3026,1.491,1.53,1.3094,1.4934
1,4,5,1.3994,1.4306,1.337,1.4696,1.2652,1.3209,1.3662,1.5554,1.4504
1,5,14,1.3323,1.3303,1.427,1.4604,1.3128,1.3057,1.5562,1.0638,1.2019
1,6,10,1.2971,1.201,1.34,1.536,1.152,1.2953,1.3681,1.1424,1.3421
1,7,29,1.2947,1.2757,1.4924,1.3638,1.3475,1.3502,1.301,1.0146,1.212
1,8,4,1.2923,1.1493,1.5203,1.5062,1.4461,1.1101,1.1578,1.2026,1.2458
1,9,18,1.2503,1.2025,1.2318,1.4267,1.3038,1.2564,1.1966,1.0327,1.3515
1,10,20,1.1888,1.3476,1.3048,1.3437,1.1415,1.263,1.2826,0.6245,1.2025
1,11,23,1.1835,1.1785,1.2366,1.2091,1.2104,1.3073,1.238,0.9026,1.1851
1,12,11,1.1491,1.1086,1.1552,1.0671,1.1528,1.2558,1.13,1.1364,1.1868
1,13,6,1.1134,1.2288,1.1492,1.1336,1.1254,1.1654,1.0458,0.9551,1.1042
1,14,16,1.0912,1.056,1.1488,1.1065,1.1863,1.1339,1.1088,0.8847,1.1043
1,15,28,1.0709,1.1305,1.1036,1.0188,1.0106,1.2302,1.0395,0.9533,1.0809
1,16,1,1.0335,1.0595,1.0949,1.0855,1.0236,1.0488,1.009,0.8963,1.0501
1,17,3,1.0063,0.9741,1.0288,0.9922,1.044,1.0875,1.0143,0.9428,0.9663
1,18,7,0.999,1.0207,0.9932,0.9484,1.0039,1.0611,1.0047,0.9511,1.0087
1,19,0,0.8844,0.8032,1.1284,1.0357,0.7296,1.0111,0.9086,0.7916,0.6671
1,20,9,nan,1.0641,1.1101,1.0766,1.0749,1.1486,nan,0.9616,1.0494
2,1,1,2.3231,2.0508,2.1622,2.3204,2.2464,2.7916,2.3071,2.3229,2.383
2,2,2,2.0875,2.1709,2.259,2.1144,1.912,2.1543,1.9975,2.1544,1.9374
2,3,26,1.7429,1.8519,1.8394,1.8918,1.7856,1.574,1.6624,1.645,1.6932
2,4,0,1.7237,1.8329,1.66,1.6098,1.783,1.8695,1.8299,1.7043,1.5004
2,5,3,1.5495,1.5513,1.5704,1.5338,1.5857,1.5749,1.4582,1.5355,1.586
2,6,4,nan,1.3114,1.3397,1.3968,1.3759,1.3286,nan,1.1641,1.2637
2,7,9,1.6436,1.7426,1.6034,1.6575,1.6753,1.795,1.6525,1.3424,1.6803
2,8,10,1.6269,1.6449,1.5911,1.6861,1.7635,1.8435,1.4434,1.3594,1.6834
2,9,25,1.558,1.7256,1.5875,1.6711,1.6037,1.4887,1.4949,1.3438,1.5486
2,10,19,1.5552,2.1302,1.5383,1.4025,1.4186,1.4935,1.5873,1.398,1.4732
2,11,18,1.4998,1.7821,1.6539,1.523,1.3541,1.5135,1.5513,1.2487,1.3721
2,12,29,1.4505,1.4303,1.4876,1.3857,1.6049,1.6795,1.4822,1.239,1.2949
2,13,12,1.4295,1.36,1.3824,2.2939,1.1196,1.9786,1.1454,0.9804,1.1761
2,14,16,1.4085,1.4167,1.4514,1.4344,1.3377,1.5752,1.3431,1.0791,1.6305
2,15,13,1.4019,1.5443,1.3863,1.3707,1.4371,1.5315,1.3601,1.2004,1.3847
2,16,11,1.3882,1.2662,1.3584,1.3979,1.3805,1.3118,1.2651,1.6985,1.4269
2,17,30,1.3764,1.1795,1.4221,1.4011,1.3651,1.6517,1.3348,1.1137,1.5433
2,18,23,1.3642,1.4379,1.4057,1.3585,1.272,1.5185,1.3016,1.2479,1.3715
2,19,31,1.3293,1.3831,1.3638,1.3525,1.3538,1.3521,1.2978,1.0511,1.4806
2,20,7,1.3291,1.2466,1.364,1.3587,1.2927,1.5128,1.3002,1.2604,1.2975
3,1,73,4.784,6.0688,4.8097,5.9488,4.7875,2.2622,4.167,4.0825,6.1455
3,2,234,4.553,4.6259,4.665,5.1193,4.1952,4.3135,4.5587,4.5499,4.3969
3,3,116,4.4185,4.6707,3.9452,4.0658,4.7284,4.8537,4.2976,4.3216,4.4645
3,4,223,4.0488,4.5326,3.7951,3.8547,3.9614,3.6955,3.7254,4.3008,4.5246
3,5,163,3.7126,3.8265,3.3869,3.5793,3.6887,3.9426,3.3812,3.4513,4.4441
3,6,145,3.6995,3.2449,3.7988,3.6502,4.077,3.922,3.7717,3.5527,3.5786
3,7,61,3.3244,3.377,2.8553,2.8647,3.456,3.6478,3.3207,3.2535,3.8198
3,8,7,3.2925,3.0998,3.304,4.063,4.1247,1.8651,3.0608,3.0752,3.7476
3,9,0,nan,1.6537,1.1639,nan,1.3689,1.3073,nan,0.9383,1.8248
3,10,1,nan,1.1675,0.4706,nan,0.2316,1.4493,nan,1.822,1.8918
3,11,2,nan,2.9036,2.3982,nan,0.8878,2.785,nan,0.5373,3.0004
3,12,3,nan,1.5149,1.8337,nan,1.804,1.938,nan,1.3483,1.701
3,13,4,nan,4.3074,3.7337,nan,4.746,4.0981,nan,4.3136,4.6492
3,14,5,nan,0.5296,0.5466,nan,0.5454,0.5828,nan,0.3951,0.5182
3,15,23,4.2657,4.7124,4.5631,4.8111,4.6856,4.1751,3.9685,3.4619,3.7477
3,16,227,3.1709,2.7681,3.9468,3.91,2.701,3.1843,3.5792,2.6224,2.6553
3,17,44,2.9563,2.9918,2.9461,3.1316,2.9413,2.8561,2.9878,3.1177,2.678
3,18,18,2.8188,2.8848,2.5976,2.556,2.6987,3.1974,3.008,2.5799,3.0279
3,19,201,2.7303,3.0055,2.5413,2.8344,2.7009,2.6519,2.6841,2.5314,2.893
3,20,54,2.6312,3.1255,2.1781,1.9308,2.5441,3.7424,2.4575,2.5905,2.4803
4,1,34,3.8799,4.2735,3.2606,3.5043,4.4043,3.2396,3.7164,4.1661,4.4749
4,2,250,3.8369,4.0797,3.2356,3.3566,4.0933,4.1478,3.8039,3.7774,4.2006
4,3,175,3.6484,3.86,3.414,3.6297,3.4191,4.2513,3.708,3.2784,3.6264
4,4,106,3.5924,3.8569,3.1998,3.614,3.3853,3.7913,3.5468,3.5348,3.8102
4,5,158,3.5887,4.481,2.8908,3.8355,3.1344,4.633,3.0001,2.9061,3.829
4,6,218,3.4429,3.5695,3.2722,3.5641,3.9634,3.4938,3.4637,2.6989,3.5177
4,7,248,3.4162,3.6107,3.0192,3.2218,3.2988,3.7294,3.5742,3.2133,3.662
4,8,198,3.3537,3.7036,3.5692,3.2026,3.8541,3.4753,3.8053,2.6728,2.5469
4,9,249,3.2136,3.3252,3.4821,3.6589,2.9541,2.9943,2.9906,3.0751,3.2281
4,10,69,2.9895,3.3162,2.46,3.0113,2.7902,3.5327,3.0733,2.5536,3.179
4,11,127,2.7923,2.8948,2.4975,2.6995,2.4448,3.3334,2.8034,2.6783,2.9864
4,12,237,2.6046,2.4518,2.507,2.6186,2.9507,2.7832,2.4986,2.3667,2.6602
4,13,156,2.4765,2.4814,2.155,2.787,2.7639,2.3667,2.4912,2.0887,2.6784
4,14,68,2.4648,2.5744,2.3243,2.7833,2.473,2.261,2.6268,2.2966,2.3792
4,15,235,2.3722,2.5535,1.9518,2.3512,2.5229,2.4113,2.2473,2.4716,2.4677
4,16,201,2.371,3.6498,2.6324,3.3151,1.7154,2.5244,2.9292,0.3309,1.8709
4,17,120,2.3147,2.4949,2.2055,2.408,2.2579,2.1948,2.6804,2.1302,2.1458
4,18,220,2.3094,2.4734,2.2153,2.467,2.2091,2.0389,2.268,2.1527,2.6507
4,19,174,2.1951,2.3932,1.7941,2.1605,2.1657,2.5461,2.2217,2.1852,2.094
4,20,80,2.0932,1.3566,2.2107,1.6867,1.6603,4.0237,2.2545,1.931,1.6219
5,1,35,7.6167,4.5561,7.9672,3.2808,6.3758,3.5233,6.917,25.5242,2.7888
5,2,108,4.2792,4.5891,5.5462,4.4858,4.8963,1.8205,3.8299,4.1656,4.9003
5,3,230,4.0759,5.838,4.1894,5.1533,4.5578,1.3802,3.8862,3.0516,4.5506
5,4,107,3.525,3.7714,3.2408,3.6547,3.6806,2.9765,3.3127,3.2669,4.296
5,5,114,3.131,3.6675,3.0132,3.2979,3.359,2.4305,2.8091,2.9539,3.5168
5,6,179,3.0842,3.2212,3.2394,3.6807,3.1021,2.4378,3.0625,2.7338,3.1958
5,7,90,2.8588,1.9089,3.1698,2.7302,2.572,4.5328,3.1041,2.6244,2.2284
5,8,175,2.8568,2.4095,3.1364,2.9365,2.5047,2.6117,3.1554,2.9094,3.191
5,9,246,2.7959,2.8715,2.5204,2.768,3.0866,2.4582,2.529,2.999,3.1343
5,10,242,2.7722,2.9365,2.6159,2.9239,2.944,2.3881,2.627,2.45,3.2924
5,11,150,2.7414,2.9609,2.832,3.0501,2.75,2.506,2.6856,2.3766,2.7698
5,12,40,2.74,2.8756,2.5358,2.972,3.0069,2.3303,2.4582,2.6991,3.0421
5,13,180,2.6772,3.0531,2.4293,2.8802,2.8284,2.3759,2.5739,2.2138,3.0632
5,14,159,2.6454,3.1001,2.3866,3.0868,2.5401,2.2673,2.4314,2.2531,3.098
5,15,216,2.614,2.8178,2.5902,2.6356,2.6137,2.5062,2.6567,2.4008,2.691
5,16,155,2.6066,2.7763,2.5585,2.7933,2.9276,2.2823,2.3027,2.3119,2.9003
5,17,254,2.5127,2.7003,2.7004,2.9689,2.5613,1.987,2.4027,1.9898,2.7915
5,18,191,2.4642,2.7125,2.3422,2.6151,2.5845,2.1894,2.1984,2.3757,2.6961
5,19,111,2.4171,2.1798,2.5748,3.015,2.5378,2.2454,2.3652,2.0029,2.4161
5,20,94,2.385,2.6159,2.3246,2.515,2.4036,2.0545,2.2445,2.3983,2.5234
6,1,56,18.804,6.1129,10.0778,5.7881,10.693,56.2481,23.429,32.6829,5.4004
6,2,129,5.15,5.1187,4.8677,5.8521,5.1444,5.0487,5.1756,4.7966,5.1963
6,3,144,4.2697,3.9706,4.4243,5.0924,3.9798,4.3032,4.2362,4.0152,4.1358
6,4,246,4.2128,2.0588,4.9459,5.5667,4.6182,4.9314,3.7315,2.8136,5.0364
6,5,147,4.1858,3.8051,4.2127,4.5078,4.4653,4.1464,3.7441,3.9758,4.6288
6,6,170,4.0014,4.0652,4.0386,4.2817,3.8655,3.8494,3.7617,3.7774,4.3713
6,7,226,3.7963,4.1756,3.5376,3.4537,4.4654,4.8581,4.1551,2.298,3.4268
6,8,192,3.789,3.3704,3.8883,3.8999,3.9693,4.477,3.732,3.0762,3.8986
6,9,91,3.7802,3.5286,3.9945,4.1465,3.5356,3.8659,3.9258,3.4938,3.7506
6,10,207,3.6531,3.1559,3.9221,4.7803,3.582,3.1152,3.627,3.1457,3.8965
6,11,194,3.5838,3.3324,3.2791,3.6228,4.9647,3.0816,3.2071,3.1494,4.0331
6,12,239,3.5382,3.355,3.17,3.6059,3.9041,3.4269,3.4441,3.3153,4.0842
6,13,196,3.4567,3.044,3.7848,4.6053,3.0602,2.9189,3.489,3.2719,3.4791
6,14,206,3.4512,3.8441,3.6201,4.2886,3.4177,2.2399,3.2763,2.4081,4.5144
6,15,242,3.3024,3.2224,3.0726,3.5388,3.8894,3.2571,3.0791,3.0819,3.2783
6,16,130,3.2211,2.9868,3.5438,3.1676,3.7153,3.2098,3.103,2.4797,3.5626
6,17,254,3.1346,3.1948,2.9114,3.4866,3.5809,2.7034,3.0864,2.4988,3.6143
6,18,164,3.1022,2.5876,3.2379,3.3122,3.3945,3.0209,3.057,2.8465,3.361
6,19,250,3.0372,3.0394,3.4735,4.0011,1.9669,3.5201,3.3412,1.5396,3.4158
6,20,205,2.9713,2.2971,3.4807,3.5445,3.3143,2.8437,2.7348,2.5031,3.0525
7,1,248,4.9306,5.0643,5.025,5.6089,4.5767,4.8361,5.1013,4.1011,5.1312
7,2,61,4.6489,4.8712,4.5275,4.6638,4.4545,4.2768,4.6445,4.6622,5.0911
7,3,226,4.6454,5.0444,4.312,5.3375,4.9874,3.7301,4.2142,4.5142,5.0232
7,4,182,4.4701,4.1582,4.6867,4.7458,4.8776,4.2676,4.5806,4.0802,4.3643
7,5,168,4.3799,4.0679,4.5966,4.9615,4.2717,4.5329,4.6623,3.564,4.3824
7,6,32,4.3312,4.5072,3.9653,4.6439,4.3618,4.4126,4.4013,3.9519,4.4054
7,7,229,4.1797,5.4414,5.1677,4.7244,3.6012,3.0831,3.7518,2.8251,4.8429
7,8,73,3.9831,4.327,3.6967,3.9763,4.2736,3.898,3.7285,3.6574,4.3072
7,9,139,3.9248,3.817,4.2327,4.3117,3.6024,3.7399,3.9975,3.6884,4.0087
7,10,103,3.7533,3.9306,3.7625,4.201,3.7972,3.207,4.1932,3.0052,3.9299
7,11,201,3.7364,3.873,3.9021,4.279,3.6241,3.3806,3.6737,3.4058,3.7526
7,12,185,3.7055,3.745,3.6195,4.8233,3.2507,2.948,3.5399,3.3707,4.3469
7,13,43,3.6293,3.9727,3.4242,3.8512,3.4052,4.0425,3.3098,3.0295,3.9996
7,14,33,3.572,3.7336,3.631,4.1031,4.0108,3.451,3.0575,2.6604,3.9287
7,15,211,3.4848,3.3477,3.7829,3.8837,3.2356,3.2323,3.9402,3.0692,3.3871
7,16,245,3.4714,3.7824,3.657,4.5119,3.2153,3.5663,4.0732,1.5041,3.4614
7,17,122,3.4488,3.3551,3.7109,3.1617,4.5067,1.6638,3.816,4.0449,3.3311
7,18,54,3.4463,3.4414,3.7686,3.8582,3.227,3.3831,3.5739,2.9895,3.3285
7,19,110,3.4382,5.4167,3.2696,3.7844,2.1544,3.4942,3.9618,1.7847,3.6399
7,20,96,3.4243,3.2685,3.5376,3.9121,3.4053,3.4834,3.5573,3.1497,3.0807
8,1,202,5.519,5.5115,5.6335,4.2804,6.509,5.9756,4.6409,5.1148,6.4865
8,2,103,4.9847,4.626,4.9636,4.4727,5.7614,5.1454,4.5295,4.3872,5.9921
8,3,34,3.8997,3.4877,3.8708,3.3254,5.457,3.8485,3.2494,3.2595,4.699
8,4,49,3.8735,4.5157,3.8358,4.9187,4.3566,1.3888,3.8248,2.8031,5.3441
8,5,42,3.8207,3.5853,3.7576,3.3117,4.2227,4.0481,3.6146,3.055,4.971
8,6,56,3.4288,3.3626,3.6497,2.9751,3.2303,4.0656,3.3396,3.1795,3.628
8,7,35,3.3549,3.0692,3.3834,2.5851,4.3044,3.2895,2.9887,3.2867,3.9319
8,8,46,3.2689,3.3799,2.9828,2.7914,3.8643,3.9667,2.5665,2.345,4.255
8,9,32,2.3999,2.4126,2.7987,2.2907,2.2888,2.7815,2.0942,1.8649,2.6675
8,10,63,2.2233,2.523,2.351,2.1093,2.481,2.5647,1.7519,1.9469,2.0586
8,11,51,2.0993,2.4928,2.0088,2.4451,1.7455,3.6592,1.8815,0.7402,1.821
8,12,39,1.7502,1.5657,1.7854,1.4664,2.004,1.995,1.5901,1.6531,1.942
8,13,8,1.7478,1.5243,2.4164,1.3245,1.9152,1.5798,1.7102,1.3418,2.1702
8,14,0,nan,0.869,1.1255,nan,0.968,1.2944,nan,0.1316,1.1202
8,15,1,nan,3.0836,3.4674,nan,3.9758,3.3457,nan,3.0854,4.1889
8,16,2,nan,2.9992,2.9415,nan,3.0601,2.8542,nan,2.2561,3.3764
8,17,3,nan,0.0484,1.3063,nan,1.5801,1.567,nan,0.3091,1.9571
8,18,4,nan,1.1608,1.1022,nan,0.329,0.2456,nan,0.2766,0.8136
8,19,5,nan,1.2372,0.8213,nan,0.0418,0.6324,nan,0.6619,0.8815
8,20,20,16.4988,14.5907,7.1777,2.7684,32.0075,10.6307,22.6086,39.0451,3.1615
9,1,72,95.8303,53.6685,191.8502,6.0584,183.0119,84.2739,73.1148,169.5659,5.0987
9,2,196,4.614,5.4512,5.3971,4.8896,4.4425,3.2153,4.0732,4.1605,5.2825
9,3,58,2.969,2.7681,2.5912,2.762,3.2421,3.2352,2.9765,2.8356,3.3417
9,4,57,2.5427,2.817,3.2206,2.6591,2.2477,2.0917,2.9083,1.9815,2.4155
9,5,36,2.3259,2.4204,2.0339,2.1744,2.8638,2.3465,2.3544,2.1086,2.3054
9,6,9,2.2254,2.4528,1.8488,2.3475,2.3379,2.2651,2.5699,1.4739,2.5069
9,7,52,2.1593,1.9574,1.7592,1.9686,2.3991,2.3695,2.3112,2.0799,2.4294
9,8,53,2.0608,1.9174,1.6549,1.8125,2.2324,2.5423,2.0706,2.011,2.2449
9,9,49,1.9454,2.1464,1.4954,1.6462,1.8171,2.2624,2.0908,1.4382,2.6665
9,10,50,1.7103,1.759,1.6724,1.7458,1.7872,1.8582,1.8407,1.1082,1.911
9,11,48,1.7033,2.1886,1.2339,1.758,1.4693,1.7469,1.6349,1.3045,2.29
9,12,46,1.6392,1.8979,1.1462,1.1009,3.5136,1.7235,2.0497,0.0544,1.6276
9,13,62,1.5981,2.6971,0.8097,1.0911,1.4749,2.1379,2.0159,0.2018,2.3561
9,14,61,1.407,1.566,1.4684,1.6752,1.4229,1.3046,1.5605,0.6581,1.6002
9,15,42,1.3829,1.3273,1.1154,1.4461,1.828,1.5727,1.2196,0.8049,1.7489
9,16,55,1.3682,1.4498,1.1,1.1656,1.5092,2.0185,1.3793,0.5778,1.7456
9,17,44,1.0867,1.5663,0.895,1.1855,1.1947,1.0442,0.9595,0.7348,1.1134
9,18,8,0.9425,1.2834,0.3477,1.1803,1.0575,0.8293,0.6114,0.7533,1.4771
9,19,33,0.8595,1.093,0.3342,1.0543,0.8549,0.5479,0.8213,0.9427,1.2274
9,20,34,0.7988,0.6839,0.8437,1.0546,0.8853,0.729,0.9633,0.4181,0.8125
10,1,8,7.2788,4.1948,5.255,3.0371,11.4038,6.6163,6.3092,17.4775,3.9365
10,2,246,3.438,3.515,3.5293,4.3071,2.905,3.2505,3.593,3.0586,3.3458
10,3,135,3.0845,3.4018,2.7896,3.7342,2.9543,2.7794,2.8932,2.6684,3.4553
10,4,215,2.947,3.0516,2.8813,2.8614,3.2419,2.1016,3.2061,3.0935,3.1382
10,5,138,2.9229,2.8755,3.1677,3.8527,2.6483,2.5924,2.9661,2.3645,2.916
10,6,217,2.7355,2.8822,2.6223,3.0232,2.7878,2.5305,2.6183,2.4257,2.9943
10,7,142,2.524,2.3474,2.564,3.0316,2.3876,2.3292,2.3599,2.294,2.8786
10,8,73,2.4143,2.0208,3.1807,2.2962,2.158,2.0721,2.3837,2.6086,2.5945
10,9,68,2.3615,2.6405,2.1436,2.8919,1.6962,2.0988,2.2142,2.3853,2.8213
10,10,94,2.351,2.202,2.5076,2.5089,2.2628,2.2949,2.291,2.0607,2.6804
10,11,147,2.298,2.2823,2.6194,2.7775,1.9981,1.9482,2.11,2.0352,2.6133
10,12,164,2.2894,2.3925,2.6302,2.5719,2.1853,1.9492,2.3468,1.9869,2.2524
10,13,252,2.287,2.8206,2.2557,2.306,2.1249,1.8589,1.9868,2.5463,2.3968
10,14,152,2.2848,2.6636,2.2752,2.6864,2.2572,1.9288,2.2825,1.9589,2.2256
10,15,42,2.2785,2.3032,2.5262,2.7315,2.0082,2.1598,2.5301,1.7307,2.2384
10,16,133,2.2765,2.6468,2.2772,2.3007,2.2752,1.922,1.8234,2.485,2.4818
10,17,210,2.2526,2.4838,2.0416,2.371,2.1574,1.9889,2.0648,2.6057,2.3072
10,18,90,2.2255,2.7337,2.6396,2.2292,1.9345,1.6886,2.1646,2.1276,2.286
10,19,132,2.2004,2.1205,3.0752,3.6771,1.64,1.6089,2.0805,1.6901,1.7114
10,20,41,2.1959,2.3703,2.3426,2.5046,2.0533,2.0065,2.1284,1.8379,2.324
11,1,161,5.5729,2.6987,3.0837,1.2528,6.3209,3.2377,7.7853,18.9348,1.2693
11,2,86,2.3981,0.9645,0.9203,1.0024,5.2642,4.8228,0.983,1.1306,4.0969
11,3,72,2.3943,2.6315,3.0917,3.18,2.1623,2.0396,2.4723,1.6073,1.9697
11,4,110,2.3548,2.0611,1.7229,2.3413,2.6733,2.2276,2.9461,2.1204,2.7454
11,5,96,2.3527,2.2123,3.1068,2.9587,2.0707,2.158,2.3753,1.7919,2.1484
11,6,79,2.3481,2.6409,2.2532,3.0886,2.0683,2.2431,2.0842,1.8928,2.5135
11,7,60,2.3454,2.4157,3.1656,3.3198,1.8534,1.9519,2.4345,1.4902,2.1325
11,8,43,2.2976,2.2337,2.0919,3.1418,2.3014,2.5465,2.4494,1.4647,2.1512
11,9,99,2.1047,1.953,2.6372,2.5069,2.0384,1.9386,2.1962,1.5666,2.0004
11,10,65,2.0483,2.8225,2.8596,3.0184,1.5954,1.6668,2.1032,0.6615,1.6592
11,11,70,2.0472,2.0218,2.2563,2.266,1.6868,2.2378,2.0493,1.5414,2.3185
11,12,59,2.0149,2.0254,2.3405,2.5987,1.7357,1.7503,2.0682,1.6255,1.975
11,13,53,2.0067,2.0214,2.2886,2.2884,1.9962,1.7773,2.0393,1.6801,1.9627
11,14,45,1.971,2.009,2.5294,2.4388,1.7143,1.8233,2.0844,1.2665,1.9024
11,15,87,1.9455,1.9901,2.6297,2.7433,1.536,1.6419,2.1027,1.1656,1.7544
11,16,76,1.9146,2.1118,2.5115,2.5952,1.7545,1.5895,1.9418,1.1388,1.674
11,17,126,1.9117,1.8008,2.4358,2.6264,1.7596,1.6884,2.0707,1.3687,1.5434
11,18,75,1.7987,2.0797,2.1404,2.6048,1.5043,1.4221,1.7786,0.8503,2.0096
11,19,62,1.7578,1.7168,2.4125,2.2983,1.7266,1.4336,1.885,1.1438,1.4456
11,20,93,1.6403,2.1803,1.6422,2.2144,1.6476,1.3817,1.2982,0.5367,2.2212
12,1,80,51.8551,35.6878,62.3239,3.7874,86.4968,30.9155,35.5035,143.3029,16.8235
12,2,62,3.4582,3.8006,3.4435,3.5353,4.2795,3.4045,2.6547,3.3557,3.1919
12,3,194,2.7772,2.8832,2.3682,3.0697,2.8497,3.2682,2.1907,2.2148,3.3735
12,4,85,2.455,2.7416,2.1713,2.8943,2.5494,2.8813,1.8112,1.9685,2.622
12,5,110,2.4376,3.16,2.1919,2.8263,2.3319,2.5113,2.0579,1.6686,2.7529
12,6,81,2.4328,2.8769,2.0203,2.8461,2.4466,2.4529,1.8511,1.8606,3.108
12,7,95,2.4128,2.7565,2.1532,2.56,2.3476,2.3782,1.9978,2.4098,2.6994
12,8,102,2.3628,1.4437,5.2702,4.1835,1.5571,1.5553,1.6177,1.5419,1.7329
12,9,116,2.296,3.0399,2.2859,2.6678,2.2117,2.2673,1.7807,1.4387,2.6758
12,10,125,2.2322,2.2608,2.3592,2.5842,2.137,2.4438,1.8526,1.899,2.3213
12,11,101,1.9446,2.3805,1.9242,2.8419,1.7847,2.1601,1.4675,0.2688,2.7289
12,12,92,1.8617,1.8397,1.75,1.9518,2.0375,2.0121,1.4892,1.6787,2.1345
12,13,123,1.8553,1.9549,1.4706,2.149,1.8772,1.7412,1.4469,1.6602,2.5422
12,14,91,1.8223,1.9397,1.6288,1.9923,1.8917,1.8558,1.5212,1.5902,2.1584
12,15,65,1.7824,2.1709,1.6032,2.0101,1.6944,1.6406,1.4037,1.8348,1.9018
12,16,106,1.5758,2.2012,1.4874,2.1206,1.396,1.5613,1.227,0.6193,1.9934
12,17,107,1.5494,1.7875,1.429,2.2527,1.5038,1.6036,0.9857,0.6308,2.2017
12,18,109,1.4745,1.7045,0.7007,1.6731,1.2994,1.7555,1.4037,0.7754,2.4834
12,19,104,1.4692,2.006,1.1788,2.5928,1.188,1.6108,0.7656,0.2576,2.1541
12,20,103,1.4645,1.6124,2.27,1.5736,1.7909,1.0958,1.2363,0.7978,1.3388
13,1,129,53.3642,26.7472,81.8856,13.4558,58.6676,80.9599,66.5991,74.7585,23.8403
13,2,91,2.3971,2.6984,2.9051,2.7873,1.753,2.3612,2.1873,1.8084,2.6765
13,3,114,2.18,2.2991,1.7995,2.5375,2.5316,1.8639,1.5053,2.1545,2.7482
13,4,125,2.1661,1.9942,2.7121,2.4242,1.8367,1.8236,2.0773,2.1026,2.3583
13,5,33,2.0627,2.1807,1.8805,2.8494,1.9915,1.7935,1.7238,1.1575,2.9246
13,6,79,1.9254,2.0664,1.5921,2.2776,2.0975,1.7662,1.4764,1.4881,2.6391
13,7,95,1.8866,1.8212,2.0529,2.616,1.8633,1.7758,1.702,1.1634,2.0985
13,8,10,1.8762,1.7517,2.2394,2.8801,2.0374,1.743,1.801,0.5341,2.0229
13,9,64,1.8339,1.5058,2.0495,2.6366,1.6622,1.7398,1.6397,1.2974,2.1401
13,10,112,1.8222,0.8738,0.8406,0.66,1.8687,4.8961,0.7761,0.9267,3.7356
13,11,115,1.7878,1.5804,1.9194,2.196,2.058,1.6992,1.5313,1.4132,1.905
13,12,97,1.7743,1.6877,1.6362,2.0739,2.0296,1.8146,1.3653,1.5099,2.077
13,13,126,1.7734,1.8417,1.162,1.9536,1.6407,2.7046,1.7768,0.2839,2.8236
13,14,72,1.6486,1.8502,1.6008,1.684,1.6425,1.5732,1.7871,1.3476,1.7035
13,15,94,1.6154,1.4142,1.4863,2.0774,1.7322,1.4878,1.4759,1.328,1.9214
13,16,83,1.6007,1.6485,0.472,1.8285,1.8685,1.5792,1.5957,1.4068,2.4065
13,17,66,1.522,1.7924,0.8834,2.0016,2.0996,1.3117,0.9037,0.9671,2.2167
13,18,123,1.4626,1.4018,1.4911,1.9663,1.6898,1.2336,1.2157,1.1855,1.5173
13,19,88,1.4472,1.755,1.5288,2.4599,1.0019,1.5431,1.3438,0.2357,1.7093
13,20,90,1.4424,1.6549,1.3793,2.0817,1.197,1.4231,1.3327,0.6827,1.7881
14,1,164,10.1754,22.629,8.0567,2.7204,6.0306,4.6415,8.8636,24.8566,3.6045
14,2,9,3.0229,1.5437,2.1779,3.2144,2.9816,4.6891,2.4346,2.1836,4.9586
14,3,0,nan,1.1991,0.8249,nan,0.3654,0.8485,nan,0.2047,1.0975
14,4,1,nan,0.0933,0.4821,nan,0.0467,0.0773,nan,0.0529,0.4311
14,5,2,nan,1.7409,1.1722,nan,0.5783,1.1505,nan,1.0288,0.7783
14,6,3,nan,0.4401,0.3834,nan,0.0,0.2167,nan,0.0428,0.8481
14,7,4,nan,1.0142,0.9456,nan,0.8472,0.9235,nan,0.7725,1.19
14,8,5,nan,0.9317,0.7299,nan,0.5995,0.8704,nan,0.4554,1.0402
14,9,178,2.6761,2.6154,2.8952,3.0914,2.6919,2.5025,2.5432,2.1252,2.9441
14,10,173,2.6441,2.3295,2.7999,2.7122,2.4544,2.8856,2.5996,2.7192,2.6527
14,11,138,2.5012,2.4684,2.1628,2.9934,2.4044,2.6221,2.3336,1.8255,3.1995
14,12,31,2.4202,5.3757,1.0732,1.4082,1.3626,1.8042,1.4666,5.2511,1.62
14,13,6,2.3162,2.4442,2.0058,2.6434,2.2109,2.5533,1.7919,2.4079,2.4718
14,14,208,2.2667,2.5448,1.8082,1.8927,2.6142,2.3836,2.4598,2.2965,2.1341
14,15,250,2.2318,1.077,5.9523,4.1187,0.9851,1.3181,2.2603,1.1288,1.014
14,16,86,2.2101,2.4865,1.5328,2.5699,2.3394,2.4018,1.6698,1.8313,2.8487
14,17,161,2.2015,1.4909,1.1416,1.1366,4.7149,1.4247,4.1703,1.0829,2.4503
14,18,140,2.16,2.4804,1.553,2.2065,2.4708,1.9367,2.43,1.9065,2.2962
14,19,33,2.0975,1.4316,1.9078,1.0923,3.6808,1.0696,2.4971,4.3761,0.7248
14,20,189,2.097,2.2517,2.4884,2.2329,1.7731,1.8388,2.2396,1.9375,2.0144
15,1,237,3.2844,3.5308,3.581,4.2069,2.7027,3.4457,3.1834,2.1918,3.4331
15,2,105,3.0002,3.4409,2.9807,3.9269,2.8927,3.0574,2.6952,1.0516,3.9562
15,3,59,2.8005,3.5457,2.8681,3.0813,2.9373,2.4859,2.3078,2.0799,3.0983
15,4,48,2.4321,2.926,2.0254,2.2145,3.1906,3.4161,2.4614,0.0557,3.1671
15,5,9,2.3997,2.9097,2.4804,2.5514,2.3461,2.1141,2.3391,2.1819,2.2751
15,6,50,2.2343,2.1839,1.6694,2.6725,2.3326,2.7232,1.7995,1.703,2.7903
15,7,56,2.2283,1.4273,1.3614,1.5449,3.822,3.8017,1.1943,1.5836,3.0908
15,8,60,2.149,1.4767,2.3768,1.7965,1.9964,2.2073,1.9286,3.108,2.3021
15,9,32,2.0506,2.059,1.8879,2.1344,2.0103,2.1659,1.5818,1.9638,2.6017
15,10,44,1.9506,2.2985,1.4962,2.9304,1.6177,1.9882,1.887,0.8998,2.4872
15,11,8,1.821,2.1379,1.4433,2.5874,1.2154,2.3106,1.7661,0.3572,2.7501
15,12,47,1.7544,2.2479,1.9257,2.849,0.3692,2.4756,1.6459,0.2429,2.2788
15,13,46,1.4891,1.9304,1.843,1.6752,0.9293,1.7442,1.4004,0.808,1.5819
15,14,45,1.4592,1.4099,1.3397,1.391,1.238,1.3043,1.6494,1.7281,1.613
15,15,58,1.3223,2.0381,1.054,1.9702,0.2176,1.7489,1.3486,0.3744,1.8263
15,16,7,1.1154,1.3147,1.246,1.912,0.4855,0.9769,1.0203,0.0733,1.8944
15,17,0,nan,1.8209,1.7049,nan,1.6107,1.8919,nan,0.4288,1.7442
15,18,1,nan,1.9918,1.863,nan,2.4539,2.605,nan,1.264,2.0809
15,19,2,nan,1.9188,1.3637,nan,0.666,1.5189,nan,0.5495,2.7683
15,20,3,nan,1.7941,1.0834,nan,0.0468,0.632,nan,0.0,2.1841
16,1,250,8.8297,10.219,7.9709,2.3323,10.6708,3.6078,8.0138,25.4348,2.388
16,2,165,6.9513,3.7999,6.6724,5.5721,12.0995,6.3364,5.756,12.4045,2.9699
16,3,204,4.2865,4.7428,6.846,3.5175,3.146,4.041,4.0181,4.6181,3.3627
16,4,124,3.8852,4.2011,3.9925,4.2241,3.9753,3.5398,3.6767,3.412,4.06
16,5,189,3.5755,3.6486,4.1596,3.5502,3.595,3.5775,3.2848,2.6461,4.1421
16,6,255,3.2693,3.2927,3.2489,3.1783,3.6556,2.2391,3.0689,3.9777,3.4932
16,7,139,2.9355,3.5635,3.2094,3.4664,2.7562,2.6039,3.0553,1.7757,3.0537
16,8,220,2.8728,3.1318,3.3226,3.0792,1.9647,3.3029,2.6409,2.7041,2.8359
16,9,128,2.8569,3.0473,2.5453,3.0059,2.4981,3.2733,2.7198,2.0851,3.68
16,10,192,2.8384,3.2266,2.9525,2.7935,3.2366,2.6146,2.5224,2.2289,3.1325
16,11,191,2.8167,1.7873,1.3092,2.2904,4.2057,2.4738,2.175,3.8721,4.4203
16,12,162,2.7971,2.997,2.9521,3.124,2.704,2.6257,2.8825,2.1421,2.9497
16,13,55,2.7545,3.5629,3.283,3.3861,2.5101,2.2613,1.9966,1.5472,3.4889
16,14,228,2.6966,2.5798,2.3637,3.2262,2.7155,3.141,2.1933,2.4136,2.9397
16,15,190,2.6595,3.0072,2.3569,3.2278,2.7335,2.7976,2.2679,1.474,3.411
16,16,169,2.631,2.7053,2.2584,3.0326,2.7756,2.8349,2.1298,2.5949,2.7164
16,17,159,2.5505,3.1645,2.516,2.9109,3.002,2.4613,1.9792,1.5754,2.7946
16,18,173,2.5042,2.5544,2.1454,3.0375,2.6423,2.9595,1.9084,2.0534,2.7329
16,19,244,2.4623,2.4492,2.6176,2.9878,2.6875,2.6363,2.3863,1.195,2.7387
16,20,174,2.4155,2.3906,1.9048,3.3062,2.3086,2.8004,1.9823,1.4425,3.1887
17,1,65,5.6264,4.8171,6.1319,5.7093,6.1712,6.2996,6.8563,4.9712,4.0548
17,2,83,4.7132,5.3078,4.0395,5.2404,4.3892,4.6418,4.0599,4.1908,5.8365
17,3,81,4.6925,5.6834,4.129,4.6853,4.0823,6.2833,3.4267,4.6843,4.5657
17,4,209,4.6724,4.9968,4.7643,4.8698,4.779,4.0459,4.7708,4.2177,4.9346
17,5,249,4.3239,4.6675,4.0103,4.3129,4.3385,4.2869,4.4479,4.3492,4.1784
17,6,76,4.1484,5.1241,4.3781,4.1636,3.8593,3.6971,3.6291,3.0529,5.2833
17,7,177,4.1357,4.7312,4.5473,3.9748,4.0421,3.4126,4.0144,4.6757,3.6873
17,8,75,3.7603,3.8197,2.7739,3.5974,4.0366,3.8085,4.0299,2.6078,5.4087
17,9,170,3.6855,3.7576,3.0924,4.3485,3.4007,3.5988,3.1443,3.7843,4.3576
17,10,71,3.5495,3.8961,3.6665,3.3521,3.3424,3.3373,3.4336,3.9994,3.3688
17,11,244,3.5103,4.6864,4.0297,3.7718,4.391,2.2362,3.398,1.6886,3.8805
17,12,129,3.4644,3.9582,3.1079,3.5115,3.5221,3.5029,2.8148,3.3301,3.968
17,13,108,3.4577,3.3594,3.478,3.3251,3.4333,3.1639,3.2799,3.4835,4.1384
17,14,103,3.4384,4.4799,2.5333,3.2026,4.7961,3.795,3.7785,0.8135,4.1082
17,15,195,3.339,3.7831,3.4298,3.4438,3.6215,2.9266,3.1135,3.1849,3.2089
17,16,126,3.3259,3.897,2.89,3.7276,2.7477,3.0016,3.254,3.0734,4.0162
17,17,243,3.3153,2.5635,2.3591,2.8116,4.2987,3.8508,3.438,3.1964,4.0043
17,18,127,3.2368,3.5699,3.0555,3.752,3.1586,3.2316,2.7348,2.7654,3.6269
17,19,138,3.233,3.4132,2.685,3.1522,2.918,2.9816,2.8865,2.8797,4.9476
17,20,140,3.2148,3.6129,2.9053,3.4463,3.2054,3.2038,2.7259,3.22,3.399
18,1,83,28.1655,22.2876,26.7963,19.0926,49.085,23.2389,24.2989,57.1273,3.3973
18,2,186,16.5496,10.5982,16.4968,2.8637,26.134,18.8444,11.8816,40.3108,5.2674
18,3,152,13.6052,8.2149,12.1838,4.1843,21.4549,21.2538,8.7045,20.7989,12.0468
18,4,173,8.9088,8.4439,7.9383,7.8294,9.7371,8.5148,9.463,9.8664,9.4776
18,5,199,6.4552,7.721,7.529,7.944,6.7252,6.3692,6.0775,2.6007,6.6748
18,6,129,6.0482,8.669,6.3015,7.4731,7.4065,5.3083,4.9229,1.5218,6.7821
18,7,50,5.8921,4.7587,5.8835,4.9612,6.1496,6.1016,6.4532,6.6045,6.2245
18,8,180,5.5516,5.1837,7.8069,6.5142,5.1823,4.1312,4.1746,4.9684,6.4518
18,9,193,5.224,4.1098,3.3778,2.9923,5.4302,3.8167,7.1429,10.6799,4.242
18,10,157,5.0083,5.921,4.1508,5.2206,4.8241,4.7449,4.5971,4.2303,6.3776
18,11,198,4.6006,4.9559,4.9872,4.7879,5.1727,4.9087,4.642,3.8969,3.454
18,12,194,4.4253,4.7895,3.3015,5.4284,4.4474,4.138,3.7703,4.2522,5.2749
18,13,215,4.3653,4.6344,3.9646,5.2067,4.2581,3.7666,4.2166,4.1718,4.7037
18,14,135,4.2226,4.9054,3.4054,4.8877,4.3365,4.3081,4.0398,3.3596,4.5382
18,15,227,4.1501,5.8278,3.605,5.1269,4.9794,3.6336,3.1465,2.4018,4.4795
18,16,195,4.1314,5.6277,4.5021,5.6302,4.9227,1.6315,4.7843,0.6135,5.3391
18,17,222,4.0154,4.5817,3.1885,4.6814,3.9647,3.863,3.3652,3.819,4.6592
18,18,145,3.9935,4.4739,2.7998,4.8021,3.7823,3.9626,3.4012,4.1483,4.5777
18,19,151,3.9173,3.7919,3.2046,4.64,3.7114,3.8498,3.5619,3.7176,4.8609
18,20,167,3.9033,3.9071,2.5946,4.2463,4.0512,4.2396,3.8001,3.7237,4.6641
19,1,108,9.6416,10.7909,10.7165,12.6232,10.046,5.4453,8.0614,7.3583,12.0911
19,2,236,7.986,8.3526,7.1933,8.226,8.3206,9.1285,7.1071,6.4945,9.0651
19,3,154,7.5764,7.454,7.4773,8.7124,8.2171,8.2261,6.8447,7.0958,6.5835
19,4,203,7.4882,6.5589,5.9146,8.5555,8.7448,8.5614,6.8701,6.2617,8.4387
19,5,224,7.4719,8.711,6.6774,7.3863,9.6785,6.3922,7.0652,7.6382,6.2267
19,6,228,6.6278,7.1318,6.9042,8.7657,6.6732,5.3528,6.7702,6.6523,4.7722
19,7,180,6.1731,5.5173,6.3837,6.7568,7.0032,4.1807,6.2727,7.7197,5.5507
19,8,231,5.8201,7.4604,0.3357,2.6242,10.0002,8.6312,7.1891,0.1237,10.1963
19,9,208,5.4647,6.1291,4.9878,6.1298,6.401,7.6222,5.0523,2.4248,4.9704
19,10,130,5.3597,5.7388,5.3813,5.9961,5.4026,5.34,5.0085,5.2372,4.7727
19,11,59,5.3283,5.3136,5.7832,6.8854,5.0967,5.3378,5.4504,2.8267,5.9322
19,12,220,5.1855,5.3769,5.3532,6.593,5.4227,4.5827,4.4216,4.711,5.0225
19,13,216,5.0969,5.2907,4.8201,5.7125,5.192,4.3132,4.8577,4.8046,5.7842
19,14,8,4.9759,4.8644,5.0141,4.9903,5.1751,5.179,4.2215,5.1081,5.2543
19,15,194,4.9594,5.0962,4.6497,5.6068,5.23,4.9975,4.4424,4.7577,4.895
19,16,229,4.9321,6.4778,4.596,7.5407,4.7474,5.8778,4.6672,1.7056,3.8443
19,17,174,4.659,4.7536,4.7508,5.2775,4.8952,4.5371,3.9389,4.429,4.6901
19,18,150,4.328,4.7496,3.9794,5.0407,4.6112,3.8566,4.5525,3.0329,4.8008
19,19,223,4.2575,4.2701,4.0802,5.1537,3.7319,4.0692,3.7734,4.0967,4.885
19,20,45,4.2493,4.5144,4.5586,4.5831,4.2249,4.2672,3.5555,4.2476,4.043
20,1,86,125.4719,43.0289,235.0376,34.1759,66.253,13.5975,145.3871,427.2429,39.052
20,2,159,15.3574,16.9056,14.9331,14.8032,17.539,16.0205,13.0825,15.969,13.6065
20,3,109,14.4044,16.0704,13.4052,13.6798,15.6437,13.6481,15.3682,11.7693,15.6508
20,4,116,9.1415,10.9597,7.2091,10.7057,9.9104,7.9501,6.9471,11.5438,7.9064
20,5,48,8.2597,8.589,6.9408,8.2336,9.9005,8.9417,7.6614,6.5229,9.2878
20,6,7,7.5285,8.0145,5.5738,7.9638,7.7981,7.819,7.2631,7.292,8.5034
20,7,0,nan,6.5289,4.7177,nan,5.2105,4.1752,nan,5.0632,5.8531
20,8,1,nan,0.9018,2.4886,nan,1.729,1.2418,nan,0.0214,1.3188
20,9,2,nan,1.9489,1.4369,nan,3.2408,4.3443,nan,1.5979,3.4527
20,10,3,nan,1.9401,1.7464,nan,0.5662,0.8471,nan,0.8436,1.4702
20,11,4,nan,6.7102,6.0092,nan,7.1287,5.8846,nan,6.0555,6.3285
20,12,5,nan,3.6909,0.1173,nan,1.1718,1.453,nan,0.2964,4.8838
20,13,249,12.229,10.1057,15.7011,12.698,13.9089,9.4907,15.0163,10.6847,10.2265
20,14,24,12.1292,15.9275,12.6207,13.9861,11.2376,10.3903,12.0532,7.9287,12.8896
20,15,248,9.1128,9.542,8.1099,11.0216,7.9758,9.5503,8.8958,8.6176,9.1895
20,16,177,8.5349,10.1028,1.9657,6.2553,10.2085,11.7294,10.2511,10.9083,6.858
20,17,205,7.4104,8.0063,5.9676,8.3238,7.2664,7.2187,6.0205,7.7638,8.7161
20,18,223,7.2875,8.7941,6.6132,6.8351,6.6648,7.8594,6.8545,6.8775,7.8012
20,19,22,7.2605,7.8492,5.9697,8.3408,7.3063,6.8814,6.8393,7.3029,7.5941
20,20,216,7.2561,6.8362,5.7815,6.356,7.9731,7.3328,6.8909,9.8947,6.984
21,1,177,33.3869,7.4605,20.3667,8.0983,29.0197,10.6959,40.4599,143.3839,7.6103
21,2,58,7.4682,7.8223,6.1439,9.09,8.9102,7.8079,6.3382,7.5385,6.095
21,3,73,7.1185,7.6745,5.5564,9.8213,8.5852,7.0465,5.2437,6.6026,6.4177
21,4,127,7.062,8.7731,6.9343,7.2967,7.5428,4.7426,6.0657,5.9481,9.1932
21,5,71,6.8442,8.6055,6.0913,6.5522,7.6902,5.915,5.9069,5.5283,8.4646
21,6,122,5.6971,6.129,4.5701,7.153,6.5104,5.5169,4.488,6.3349,4.8743
21,7,107,5.3988,7.321,2.6927,6.9918,4.8985,5.8452,3.4071,3.9642,8.07
21,8,117,5.2407,6.6293,3.0205,4.9409,6.3095,5.7057,3.9915,5.4447,5.8838
21,9,119,5.0097,5.0632,4.9062,6.6169,4.3814,5.9777,5.1724,1.5102,6.4498
21,10,125,4.7429,5.5274,4.1458,6.2196,4.8322,4.7529,3.9762,4.1124,4.3768
21,11,126,4.5826,5.1093,3.2863,6.9578,4.1493,4.2184,2.9641,4.6723,5.3036
21,12,97,4.4683,5.0738,2.0824,4.7514,6.5355,5.347,2.5958,4.3961,4.9647
21,13,102,4.3223,4.2314,3.8941,3.9403,3.3748,4.5294,4.0457,5.8382,4.7245
21,14,83,4.2948,5.1776,3.2625,5.5188,4.6716,3.997,3.2444,4.2033,4.2835
21,15,115,4.2763,5.1045,2.9624,5.386,4.4228,4.0683,3.6748,3.7537,4.8383
21,16,89,4.1579,5.8244,2.7339,4.7869,5.6391,4.1329,2.5198,3.3467,4.2791
21,17,99,4.0571,2.9531,2.3145,4.308,5.9364,4.1688,3.7949,3.5179,5.4628
21,18,93,3.8505,3.2014,2.1927,2.7972,4.2664,4.87,4.5046,2.7035,6.2685
21,19,82,3.8152,4.4578,0.7717,4.8436,6.6205,3.8652,2.8384,1.2229,5.9015
21,20,104,3.7421,5.3987,3.2281,4.4234,2.9398,4.2079,3.6375,2.2104,3.8911
22,1,205,122.5607,24.3421,45.651,8.6888,95.9029,355.0912,192.6721,246.8799,11.2572
22,2,76,11.1173,12.2073,9.3529,12.597,12.7344,13.1349,9.1211,11.4001,8.3907
22,3,61,8.7619,9.9633,7.234,10.1357,9.6557,9.9971,8.0829,7.4904,7.5363
22,4,7,1.6758,2.3392,0.4335,1.9476,1.747,2.0775,1.5881,0.1939,3.0792
22,5,0,nan,2.3898,3.2207,nan,2.5504,1.385,nan,2.6444,1.5527
22,6,1,nan,1.5618,1.6576,nan,1.2602,1.2148,nan,0.4115,1.2776
22,7,2,nan,3.9262,0.419,nan,0.3776,2.9745,nan,0.9897,4.5787
22,8,3,nan,3.0937,1.8362,nan,0.8302,0.7782,nan,0.1728,1.7228
22,9,4,nan,3.9561,0.6764,nan,5.1392,6.1684,nan,1.9097,8.9834
22,10,5,nan,1.0396,2.039,nan,0.0525,1.1823,nan,0.0,1.5538
22,11,160,14.3726,8.0038,15.044,16.9896,18.3084,18.9304,16.0481,9.8324,11.8238
22,12,25,9.943,9.0433,11.0034,10.4517,10.1451,7.7511,12.0095,13.1912,5.9487
22,13,243,9.823,10.9181,9.1197,13.0081,10.4624,12.667,8.4313,6.8045,7.1728
22,14,159,9.8067,10.2618,7.1668,9.6437,10.8828,12.9345,9.2593,10.0385,8.2664
22,15,212,9.1741,11.1555,7.5109,10.2971,10.7071,8.8269,6.7643,10.2712,7.86
22,16,17,9.0736,10.6836,7.9898,8.6968,9.6923,10.6025,7.617,9.4034,7.9033
22,17,206,8.7538,9.6187,7.0387,8.8264,8.1155,10.1276,7.5738,8.3227,10.407
22,18,42,8.32,9.15,9.9323,11.6511,10.4201,8.7264,5.2652,5.3017,6.1131
22,19,12,8.1668,9.2635,7.2875,9.8932,9.4274,9.0371,6.8379,7.4737,6.1142
22,20,51,7.8663,8.6687,7.3475,9.0258,9.0731,7.8536,6.8427,7.8949,6.2245
23,1,243,20.229,22.8959,22.8974,20.0669,21.1916,34.302,19.1429,2.7296,18.6059
23,2,62,6.1074,8.6889,4.6539,9.6147,2.6765,6.196,2.2605,3.4514,11.3172
23,3,104,4.3101,4.5352,5.1785,5.5342,2.9366,4.9632,2.7882,4.9629,3.5821
23,4,8,1.3531,2.208,1.4699,1.2748,1.1035,1.6423,1.2399,0.8269,1.0598
23,5,0,nan,1.5694,1.5305,nan,1.0487,1.2404,nan,0.3292,1.2491
23,6,1,nan,1.5607,1.1706,nan,1.272,1.2433,nan,0.75,1.6497
23,7,2,nan,3.0516,2.6261,nan,1.6779,2.8066,nan,2.5516,2.4459
23,8,3,nan,1.2299,0.9028,nan,0.8158,0.4776,nan,0.4289,1.0455
23,9,4,nan,1.2882,0.9482,nan,0.4895,1.0179,nan,0.1975,1.2196
23,10,5,nan,0.7444,1.3327,nan,0.165,0.9288,nan,0.0342,1.3983
23,11,164,9.2054,9.3137,8.2536,11.2139,8.4582,10.9473,9.5592,6.4234,9.4741
23,12,220,8.1192,8.8064,7.4674,8.1629,6.9053,7.1429,11.9478,7.7875,6.7334
23,13,227,5.9643,5.6168,8.3575,5.8804,5.289,5.1866,5.3172,6.4416,5.625
23,14,60,5.7797,5.0656,4.5464,4.2081,6.574,5.4566,8.633,7.3482,4.4052
23,15,51,5.5492,1.8438,1.3555,2.2673,11.6769,11.6671,1.4137,2.9998,11.1692
23,16,18,5.2968,7.5725,7.8391,8.4679,4.0253,6.172,3.1836,0.7095,4.4043
23,17,178,4.6341,4.9384,3.9636,6.4788,3.0479,5.4904,4.0054,3.1179,6.0302
23,18,215,4.4363,4.5921,4.7427,5.5278,3.8175,4.782,2.9658,3.8855,5.1772
23,19,50,4.4071,3.8556,7.4602,7.9643,3.9591,6.4596,3.0717,0.2988,2.1872
23,20,53,4.399,4.8807,3.454,6.4655,3.1499,4.1974,4.2601,2.383,6.4016
24,1,114,170.5963,69.1396,160.6812,25.1634,210.2581,217.0418,107.4592,563.0542,11.9726
24,2,60,7.6688,11.8681,5.6574,12.2012,3.0372,9.1759,7.4297,0.1037,11.8773
24,3,7,2.0438,2.1925,1.6786,2.705,2.0754,2.2698,1.0473,2.6609,1.7209
24,4,0,nan,1.0159,1.3671,nan,1.1978,1.1486,nan,0.2576,1.3869
24,5,1,nan,1.7104,1.117,nan,0.6852,0.9477,nan,0.858,0.8376
24,6,2,nan,1.5096,0.9728,nan,0.1844,1.4587,nan,1.4598,2.0582
24,7,3,nan,3.5866,1.7365,nan,2.4191,2.7324,nan,3.1188,3.2451
24,8,4,nan,2.0194,1.2594,nan,0.6473,0.6973,nan,0.0137,1.0924
24,9,5,nan,1.2509,1.1452,nan,0.0836,0.804,nan,0.1233,1.0745
24,10,203,7.2682,7.472,8.3593,6.8086,7.6316,8.0638,6.3891,6.2774,7.144
24,11,172,5.4689,1.6214,1.7214,1.9431,12.3185,6.0103,12.5913,1.684,5.8616
24,12,246,5.0548,6.9594,4.8987,6.5978,4.2104,4.7411,3.6302,4.7884,4.6123
24,13,181,4.9833,9.1844,2.6243,4.6001,3.9663,3.2271,1.7771,9.9369,4.5499
24,14,244,4.6444,5.2264,5.4382,4.4582,3.8142,4.491,4.9722,3.6202,5.1347
24,15,51,4.61,7.8667,2.0744,3.0699,5.4616,5.7766,4.6121,0.4895,7.5292
24,16,202,4.4995,5.3369,4.9171,6.581,3.7114,4.1742,2.6098,4.3428,4.3229
24,17,245,4.4686,5.2153,5.3511,7.144,3.4661,3.5697,2.8874,4.294,3.8213
24,18,239,4.01,3.0641,4.2,5.2138,2.812,2.5894,3.623,3.2063,7.3717
24,19,106,3.8692,4.6368,4.1054,5.4727,3.4858,3.462,2.5383,3.7287,3.5242
24,20,250,3.8601,5.4571,3.3097,7.8425,1.4125,4.219,2.5426,1.7085,4.389
25,1,186,13.0239,17.7055,9.1878,18.8177,9.7244,15.4795,13.7296,0.4115,19.1351
25,2,90,12.5602,12.9898,15.8571,19.2029,10.1181,12.248,9.8612,6.8279,13.3767
25,3,60,11.5856,7.8994,7.1028,4.2253,21.8342,10.932,10.4812,25.8652,4.3448
25,4,235,5.0026,5.0731,4.7849,6.4739,5.7024,5.7561,3.5897,5.224,3.4167
25,5,214,4.7111,5.5272,4.58,4.0492,4.5722,4.4615,6.3986,3.8345,4.2653
25,6,222,4.0043,3.3092,4.6255,5.7762,3.9797,4.9108,2.7451,2.0718,4.6165
25,7,166,3.6646,3.2846,2.9646,5.7968,4.8068,4.7347,1.9888,2.5899,3.1508
25,8,32,3.6578,4.3687,3.1359,4.6327,4.3008,3.8466,2.6813,2.0867,4.2097
25,9,184,3.605,3.5747,3.6476,3.0389,3.9491,4.1661,5.1435,2.53,2.7898
25,10,194,3.5919,4.2993,2.0524,5.4791,0.8964,5.0683,3.091,0.7745,7.0744
25,11,163,3.5814,3.6545,2.1873,5.1517,0.9549,5.6131,3.8913,1.3292,5.8689
25,12,34,3.5541,4.2861,2.9187,4.8974,3.3143,4.3245,2.4016,2.2151,4.0752
25,13,169,3.4947,4.2267,2.8446,3.8281,4.2232,4.601,1.8271,2.7979,3.6086
25,14,165,3.3102,3.912,3.1887,3.8355,3.2606,3.3304,2.1927,3.2674,3.4945
25,15,154,3.3007,2.9229,3.4469,4.7896,3.4377,3.6855,2.1825,2.508,3.4325
25,16,137,3.2745,2.7237,3.3584,4.045,3.8812,3.2871,2.0458,2.7581,4.0965
25,17,47,3.2165,3.7009,3.651,2.9122,2.7404,4.0167,2.8056,1.2189,4.6862
25,18,167,3.1613,2.145,3.3073,2.7456,6.084,3.1698,1.5123,2.505,3.8217
25,19,56,3.1282,2.951,2.5668,4.5591,4.0399,2.5351,1.8036,1.283,5.2873
25,20,153,3.1277,3.9131,3.3065,4.6483,3.1725,3.7569,2.1126,0.9424,3.1691
26,1,73,597.2721,802.2045,683.2205,56.9164,1008.9793,635.2434,395.8235,1037.9583,157.831
26,2,243,8.6699,10.9653,6.2236,2.6029,11.4872,9.3953,8.7447,11.4633,8.4766
26,3,52,5.607,3.7306,3.5489,3.0165,13.1793,6.0182,6.1512,6.8578,2.3533
26,4,8,2.4437,2.3396,2.4142,2.0824,3.1053,2.244,2.1177,3.8581,1.3879
26,5,0,nan,1.775,10.8899,nan,1.7993,2.0168,nan,2.0737,3.2803
26,6,1,nan,3.4672,3.7005,nan,2.4816,3.3261,nan,1.4117,5.1312
26,7,2,nan,13.4629,7.8107,nan,9.012,8.8081,nan,9.9888,7.8561
26,8,3,nan,2.6111,2.596,nan,1.4547,2.3169,nan,0.6012,2.4675
26,9,4,nan,0.7681,1.1542,nan,0.0829,0.3386,nan,0.2528,0.7296
26,10,5,nan,1.9854,1.7521,nan,1.5275,2.1529,nan,1.3799,2.4669
26,11,167,6.9919,10.197,8.5519,10.7271,5.8124,4.851,5.8067,4.3669,5.622
26,12,93,5.6067,9.0288,3.9684,5.0176,7.9366,5.1531,5.3068,0.7378,7.7049
26,13,155,5.2221,4.8711,7.5855,11.5687,3.8749,2.6248,3.886,3.4656,3.9002
26,14,83,5.2212,1.2534,1.3479,2.8025,5.7859,15.249,1.1971,1.4604,12.6737
26,15,82,4.9283,5.092,5.2772,6.0942,6.3091,4.9195,3.426,3.5452,4.7633
26,16,18,4.9066,4.5565,5.1813,4.3736,7.3172,4.0433,3.8113,5.6839,4.2855
26,17,136,4.2497,4.2318,4.585,5.492,3.7496,4.3499,3.1496,3.6731,4.7667
26,18,254,4.182,6.5302,1.9078,2.1464,7.0556,2.3495,2.1974,7.5537,3.7156
26,19,78,4.1005,11.2489,2.7793,3.1312,2.3509,2.3992,2.2679,6.0806,2.5456
26,20,235,3.9331,4.4871,4.0978,4.8563,4.0369,3.4803,2.7391,3.9035,3.8641
27,1,233,328.7281,493.6453,516.2595,24.9514,359.6091,512.0698,132.6983,552.7921,37.7992
27,2,151,8.0931,12.6549,2.8985,6.3685,15.076,7.1004,8.1295,0.3933,12.1239
27,3,203,7.3001,9.4938,7.9529,8.7337,6.9233,8.5031,6.2867,3.6148,6.8921
27,4,110,4.6766,5.7,4.5305,4.759,4.4403,4.2443,4.053,5.0465,4.6394
27,5,68,4.532,5.8594,4.4165,5.1042,4.2787,3.7378,4.6098,4.2576,3.9919
27,6,209,4.4673,4.9564,3.3658,4.0656,3.6995,4.4584,4.2861,4.367,6.54
27,7,138,4.4196,4.635,4.8707,4.851,4.6537,5.2675,4.339,1.5779,5.1624
27,8,112,4.2687,5.1375,3.1762,5.0871,2.8253,4.4401,4.87,2.1685,6.4448
27,9,211,4.2299,5.1534,2.9451,6.229,2.8998,5.2507,4.41,1.4899,5.4612
27,10,90,4.1943,4.9629,3.787,5.0204,2.4253,4.8034,3.6345,3.1943,5.7264
27,11,78,4.1839,2.7351,8.9917,6.6674,1.9266,1.6765,6.6865,2.1461,2.6413
27,12,174,3.9267,4.4156,3.242,3.2696,3.9045,4.8758,3.5081,3.5498,4.6479
27,13,202,3.7911,3.597,3.9623,4.1641,4.1611,3.8837,3.0314,3.2875,4.2416
27,14,46,3.7638,3.9195,4.147,3.7495,3.7016,3.8618,4.1626,2.6598,3.9083
27,15,239,3.7491,3.9144,3.5851,3.6636,4.2617,3.4235,3.4918,3.5504,4.1021
27,16,94,3.7112,4.687,3.6538,3.5016,3.1851,3.9165,3.1549,4.5244,3.0666
27,17,231,3.6379,4.7867,2.5301,5.0593,4.0484,4.9014,2.645,2.5343,2.5979
27,18,128,3.6249,4.186,3.9088,3.5409,3.4254,3.905,3.6186,3.1926,3.2217
27,19,102,3.6086,4.3312,3.2063,3.4425,3.4522,4.2503,3.614,3.1736,3.3988
27,20,155,3.5095,3.6016,3.452,3.5739,2.9925,3.8056,3.8501,3.1638,3.6364
28,1,32,114.2078,126.8284,141.5736,28.6951,114.2067,167.6821,117.7928,201.9124,14.9715
28,2,45,14.2105,15.0606,13.5099,15.4199,13.8934,15.0538,17.3666,8.5386,14.841
28,3,36,7.0754,7.7311,9.7137,8.8536,6.2463,4.7737,7.9939,2.3005,8.9907
28,4,250,5.7729,2.0367,2.7186,3.0842,8.9866,11.297,2.124,2.1126,13.8234
28,5,65,4.9003,4.4727,6.0679,5.5001,5.2912,4.1375,4.2273,4.7641,4.7419
28,6,233,4.875,8.505,4.6966,4.8575,4.5356,8.8724,3.3044,0.3135,3.9153
28,7,153,4.5884,5.1743,5.2161,7.2053,1.4663,5.8951,4.1658,2.1364,5.4483
28,8,100,4.5506,4.4595,2.7411,7.1806,1.9915,3.5086,7.9081,0.4637,8.1513
28,9,53,4.3665,4.5014,4.937,4.7665,4.632,4.918,3.7711,3.9617,3.4441
28,10,162,4.3294,4.2004,5.5312,4.5493,4.9201,3.8999,3.8013,3.83,3.9034
28,11,103,4.3017,3.8972,4.3894,6.0162,4.5583,3.9209,3.8631,3.1928,4.5754
28,12,145,4.2025,4.5658,5.6078,6.2729,4.9028,4.3165,2.5889,1.1163,4.2492
28,13,202,4.1462,2.8041,7.818,6.7676,3.0373,2.9923,3.8651,2.4095,3.4753
28,14,88,4.1048,3.4484,2.7739,7.7317,4.5847,4.0156,3.7775,4.874,1.6328
28,15,122,4.0673,5.3708,3.0813,3.0669,7.7584,2.7685,1.74,6.1788,2.5736
28,16,81,4.0143,3.9062,5.017,4.8161,4.4424,3.5813,2.9908,3.2824,4.0781
28,17,135,4.0073,3.9431,4.1649,4.5348,3.4182,3.8553,3.6006,3.8474,4.6941
28,18,123,3.8598,3.1958,3.7558,4.4753,3.5003,3.1376,3.0327,3.0337,6.7475
28,19,118,3.843,4.2278,3.6784,4.9967,3.987,3.9928,3.3497,2.7015,3.8102
28,20,112,3.6964,3.2415,3.9474,5.4167,4.3896,4.3359,2.5448,2.5536,3.1415
29,1,180,89.1755,61.8514,124.8982,67.4302,169.23,64.1276,51.3916,171.1794,3.2958
29,2,126,46.7133,49.8335,97.931,34.2699,6.3519,30.138,41.6374,108.1593,5.3853
29,3,193,10.2664,11.4188,18.4708,18.6812,2.9029,16.8536,4.7339,0.3066,8.7635
29,4,244,7.2679,7.5529,10.4355,9.4137,5.2432,6.4455,5.7128,6.7137,6.6263
29,5,8,7.2504,8.9489,10.9397,3.4784,1.8718,6.7324,8.5315,0.9293,16.5708
29,6,7,5.6356,3.8422,1.9793,2.1302,11.9428,8.8016,2.3915,6.3909,7.6063
29,7,0,nan,0.5804,2.5554,nan,2.0244,1.5243,nan,1.5085,2.9824
29,8,1,nan,1.5579,1.8685,nan,1.0603,1.8621,nan,0.383,1.4322
29,9,2,nan,2.1555,4.0177,nan,1.581,4.0444,nan,0.802,3.7997
29,10,3,nan,3.6049,5.2528,nan,3.2007,5.2252,nan,4.0982,4.3091
29,11,4,nan,5.6076,6.0795,nan,5.2235,6.0244,nan,5.802,6.687
29,12,5,nan,5.8728,3.9043,nan,4.1813,3.9276,nan,2.001,5.9652
29,13,19,6.3362,6.6206,8.9563,6.346,6.233,6.1614,5.2637,6.0125,5.0965
29,14,81,5.8261,6.5103,7.2232,5.7776,6.2328,5.5488,5.1162,3.9311,6.2691
29,15,157,5.5536,5.8574,6.3824,6.6901,4.2286,5.7487,4.755,5.5327,5.2336
29,16,255,5.2921,5.5949,6.016,7.1457,4.7545,4.9409,4.2933,4.3256,5.2658
29,17,163,5.2014,4.9848,5.4631,5.8231,3.3999,5.038,4.9516,4.8715,7.0795
29,18,94,5.1443,5.3456,5.9711,7.1209,4.5961,4.9013,4.2505,4.0743,4.8947
29,19,109,5.1133,5.4799,4.9409,5.5559,4.3533,5.3833,4.4055,5.1731,5.6147
29,20,13,5.0534,5.2219,6.0006,4.3075,3.33,5.6084,5.4506,5.999,4.5091
30,1,121,146.0905,364.2799,328.9712,19.1051,84.0706,5.1718,36.5208,320.7798,9.8249
30,2,45,5.9508,6.8323,6.8969,6.5194,4.5669,5.4303,4.6844,7.0482,5.6277
30,3,96,5.3982,6.0745,5.3665,5.6146,4.0988,4.7366,4.8175,6.1878,6.2898
30,4,41,5.3412,9.3869,7.0406,6.789,3.4015,3.4732,5.2128,1.7546,5.671
30,5,50,5.1227,4.5128,4.138,6.0279,1.6118,3.2023,8.3173,1.9363,11.2349
30,6,84,4.7618,5.6787,4.6593,4.8589,3.6724,4.4829,4.2271,5.4838,5.0308
30,7,66,4.5566,3.9458,5.0412,6.1247,3.6692,6.1831,3.9604,3.7846,3.7437
30,8,58,4.314,5.2735,4.5042,4.7044,2.7829,3.9698,3.4709,4.8934,4.9133
30,9,74,4.3109,4.3977,4.5997,5.1782,3.2732,4.1426,3.5582,4.45,4.8879
30,10,62,4.2983,5.0028,4.3458,4.2371,4.7,4.6485,3.0349,3.9591,4.4582
30,11,113,4.2482,4.2535,5.374,4.8977,3.6796,3.799,3.9285,3.3896,4.6639
30,12,47,4.1455,4.5189,3.2471,3.6057,4.7748,3.9172,4.472,5.4396,3.1886
30,13,37,3.8386,3.299,5.1717,4.3203,2.6786,4.8416,2.1425,5.6487,2.6062
30,14,106,3.7811,4.7492,1.177,5.6466,1.3496,3.9648,4.6851,2.1009,6.5753
30,15,8,3.7126,3.8559,4.2401,5.3762,2.6268,3.0718,3.3968,3.2482,3.885
30,16,0,nan,0.8774,1.6182,nan,0.1781,0.2132,nan,0.2431,2.0658
30,17,1,nan,1.7976,1.9115,nan,0.8713,0.3992,nan,0.4014,1.4691
30,18,2,nan,2.2041,2.1208,nan,2.8389,2.3875,nan,4.6169,2.8716
30,19,3,nan,1.5726,2.4693,nan,0.8022,0.8903,nan,1.6003,1.5205
30,20,4,nan,0.9279,1.7458,nan,0.5031,0.6465,nan,0.2061,1.621
31,1,182,15.1486,2.266,2.4254,3.5389,91.1516,16.0061,1.9999,2.232,1.569
31,2,117,9.4739,11.6785,10.6508,9.835,9.681,7.6601,10.7893,7.6486,7.8476
31,3,52,5.8438,7.5869,4.7997,4.2988,7.6711,4.618,6.2206,5.1907,6.3642
31,4,8,4.6501,6.3107,5.9156,5.2933,4.6965,2.884,5.3066,1.8587,4.9357
31,5,0,nan,2.5454,2.9855,nan,2.7868,3.3288,nan,1.9416,3.949
31,6,1,nan,1.3222,1.3845,nan,0.8418,0.6168,nan,0.3868,1.3728
31,7,2,nan,1.4465,1.2933,nan,0.6845,1.1495,nan,0.2024,1.6238
31,8,3,nan,3.9087,1.3983,nan,0.2426,0.7718,nan,0.0926,2.4188
31,9,4,nan,2.7823,1.8094,nan,1.3933,2.4141,nan,0.4961,1.6671
31,10,5,nan,1.7839,1.121,nan,0.2976,0.3756,nan,0.3351,1.1059
31,11,27,15.314,44.7311,16.0353,4.0822,17.9966,23.959,9.3283,0.8109,5.5688
31,12,204,13.1006,14.1449,13.0293,12.3557,13.6918,12.933,12.4229,11.6744,14.5529
31,13,143,12.4638,9.4259,12.7755,14.2462,11.3126,11.8377,12.4463,16.8037,10.8626
31,14,177,10.6116,16.7905,8.5013,7.6969,14.2435,7.745,10.8633,5.9633,13.0889
31,15,13,7.6193,8.7162,3.9268,4.4268,5.7605,9.3942,8.6353,9.0684,11.0262
31,16,172,7.3972,8.9004,7.7694,6.4405,7.8279,5.8046,8.2802,7.1726,6.9824
31,17,116,6.7986,8.1829,6.5496,6.5139,6.2484,5.5075,6.9397,6.2282,8.2189
31,18,20,6.5025,2.5792,15.2479,13.2271,4.0904,2.4424,8.58,2.5106,3.3426
31,19,15,6.47,7.3788,5.7663,5.995,6.1983,5.8645,6.9054,6.2816,7.3699
31,20,211,6.2964,6.5476,5.3387,4.7696,7.2906,5.3081,6.9247,6.892,7.2996
32,1,216,1856.1725,2147.4035,1241.4146,268.5918,2838.1783,1898.3115,2122.1933,3767.3364,565.9506
32,2,82,7.2229,1.7584,16.2546,17.8471,1.6618,1.0431,2.1326,2.1577,14.9276
32,3,91,6.2339,3.2372,5.1213,5.2966,9.5045,6.2201,4.7396,3.6346,12.1173
32,4,45,5.8416,3.9885,5.7005,6.7603,7.1331,6.0121,5.2081,4.3147,7.6156
32,5,89,5.4509,2.4075,18.0591,9.8121,3.1448,1.4671,3.4405,2.0962,3.1801
32,6,103,5.4276,6.2828,4.34,7.1048,5.9241,5.0243,4.2791,2.9201,7.546
32,7,126,5.3799,4.872,6.053,6.219,6.1943,5.0563,5.3024,4.8575,4.4845
32,8,96,4.7909,10.3132,6.0815,6.3796,2.0183,8.9389,2.0066,0.3403,2.2491
32,9,104,4.7883,4.1436,5.1191,4.7739,6.1179,4.1203,4.3506,4.1286,5.5522
32,10,108,4.6869,3.366,5.6298,7.5974,3.4233,6.4337,3.871,1.7505,5.4236
32,11,94,4.1945,4.8844,4.3155,2.8305,4.6061,4.2311,4.5825,2.7011,5.4048
32,12,95,3.8442,3.2886,3.7296,6.1717,3.9801,4.3338,3.5906,3.8441,1.8154
32,13,116,3.6914,3.8356,4.1529,5.7233,2.968,4.0969,3.1133,2.0185,3.6229
32,14,90,3.6252,2.9617,3.7009,3.7654,4.7766,3.3592,2.9583,2.9162,4.5634
32,15,74,3.1428,2.2143,2.7694,3.3961,5.3264,3.4601,3.2408,0.6617,4.0733
32,16,112,3.0113,2.7373,2.448,2.9174,3.6549,3.2704,2.9634,2.3384,3.7603
32,17,113,2.9413,5.1867,3.1016,3.2226,2.6189,4.364,2.5627,0.2884,2.1854
32,18,84,2.7507,2.9844,0.3099,2.7897,4.7872,2.9395,2.6824,1.2795,4.2327
32,19,8,2.5206,2.0768,2.8914,2.5274,2.7381,2.4854,2.245,2.7102,2.4909
32,20,0,nan,1.5444,2.1163,nan,1.6735,0.8,nan,1.1448,1.4431
33,1,65,93.1507,2.487,16.8346,123.9476,425.5973,96.9929,18.8662,34.203,26.2771
33,2,200,13.0928,13.5252,13.6563,11.4995,15.2553,12.9424,15.4986,10.2445,12.1206
33,3,137,8.7792,7.0719,7.5449,4.9613,10.7109,10.3777,10.9958,8.899,9.6717
33,4,209,7.7984,6.6116,8.7843,4.5614,8.9955,8.7382,10.7673,5.4262,8.5031
33,5,154,6.9911,6.0311,5.0009,6.6133,8.6263,16.6192,3.5266,1.0711,8.44
33,6,40,6.6882,5.7909,0.1974,5.1013,8.4413,8.7169,7.9036,5.8389,11.5153
33,7,191,6.4493,5.5578,7.8962,4.4123,7.4256,6.2965,6.989,5.9252,7.0919
33,8,177,6.0466,4.748,6.3973,4.453,6.7912,7.141,6.8126,5.529,6.5006
33,9,196,5.6328,6.2191,6.4406,5.0024,5.5462,7.1292,6.3022,0.8186,7.604
33,10,236,5.5072,4.1613,6.839,3.9532,5.7773,5.8862,6.4888,4.6412,6.3106
33,11,188,5.2399,5.3307,7.3142,3.8193,5.8403,5.3077,6.0367,3.5144,4.7562
33,12,223,5.1643,4.3323,5.5958,3.7712,5.8893,5.2337,5.5927,4.7652,6.1347
33,13,171,4.9512,16.6115,2.6045,1.4491,2.2268,2.2078,2.351,9.9152,2.2437
33,14,229,4.9429,4.7453,2.1543,2.9535,6.1572,5.9593,5.9668,4.1485,7.4585
33,15,168,4.7577,4.1647,5.5373,2.929,4.7384,6.038,5.9468,3.8519,4.8556
33,16,175,4.6073,3.7858,5.1454,3.1082,5.0962,5.9341,5.2336,3.6571,4.8981
33,17,238,4.6027,3.1833,5.2116,2.7405,6.1632,5.4501,4.783,4.9967,4.2932
33,18,255,4.4181,2.8949,6.9848,3.3848,4.1365,5.1009,5.1546,3.0881,4.5998
33,19,165,4.4158,3.7973,2.9903,2.1881,5.93,6.7704,3.4585,3.095,7.0967
33,20,189,4.265,3.7057,3.8708,2.1147,4.4808,5.2122,7.7951,3.2756,3.6652
34,1,33,652.2628,2.9819,2.7204,109.3326,4358.1491,444.1284,37.544,260.8952,2.3504
34,2,233,220.1232,89.4819,208.1245,28.5791,312.6395,253.8438,161.885,606.2773,100.1548
34,3,207,11.2604,11.0639,13.4844,11.0475,11.7695,10.1146,10.0229,10.7771,11.803
34,4,171,8.2409,6.9641,17.1474,8.2436,5.2153,7.3933,9.907,6.2332,4.8235
34,5,208,7.4508,8.5055,7.4934,8.2223,7.6288,7.0159,5.4373,6.9947,8.3084
34,6,101,7.2348,9.4535,8.1029,7.8009,7.934,6.0457,6.696,5.0827,6.7627
34,7,47,7.0696,9.6429,5.4377,12.0675,5.4477,6.1475,6.0405,7.325,4.4475
34,8,184,7.0581,7.9508,4.1736,7.2211,6.8075,6.4149,7.1202,7.5367,9.2399
34,9,228,6.7814,8.2409,5.8248,6.3501,6.9573,5.8365,6.5742,7.095,7.3725
34,10,185,6.1272,6.5856,5.4655,6.3371,6.0261,7.5278,4.3853,6.6428,6.0475
34,11,225,5.9776,6.3678,5.7725,7.2621,6.3207,7.0046,4.2757,4.2843,6.5334
34,12,37,5.8197,7.0494,6.0066,5.9646,5.4685,5.0549,4.7114,5.6864,6.6158
34,13,59,5.8078,6.0984,5.2816,6.4489,5.9092,5.1416,3.6884,6.9109,6.9836
34,14,153,5.7659,9.6604,4.8159,4.548,5.2079,7.7381,4.434,5.0758,4.6474
34,15,159,5.7407,6.3991,4.5321,6.0018,6.05,5.4355,4.4564,6.4103,6.6405
34,16,39,5.7123,6.6797,5.8368,5.5895,6.3157,6.1816,4.8987,4.0916,6.1044
34,17,183,5.696,6.5679,4.432,5.8059,6.5692,6.285,4.1157,5.3699,6.4219
34,18,63,5.6808,9.2373,4.8056,3.9298,6.3966,1.3923,4.9558,9.6569,5.0721
34,19,133,5.5716,9.199,3.6406,5.4988,5.0802,6.4403,3.8686,4.2692,6.5758
34,20,196,5.5536,6.4953,4.5554,5.6029,6.3378,5.3321,3.9263,6.5991,5.5796
35,1,254,125.7195,129.6795,181.9952,9.3166,129.4336,68.3586,140.5291,341.6606,4.7825
35,2,81,36.4692,15.7972,17.6513,15.539,44.8431,24.7408,22.691,141.4516,9.0394
35,3,50,6.0025,5.7222,5.7129,5.5277,6.3861,5.2955,5.8276,5.8494,7.6986
35,4,8,3.7891,2.6302,4.7541,3.2559,4.1105,4.5668,3.6321,2.9961,4.3674
35,5,0,nan,2.2499,0.6125,nan,0.4105,1.5052,nan,0.8899,5.5088
35,6,1,nan,2.2712,2.4388,nan,1.6141,1.044,nan,0.6111,1.664
35,7,2,nan,5.7471,4.3514,nan,5.3328,5.0315,nan,5.5797,7.0567
35,8,3,nan,1.7551,0.3249,nan,0.8115,1.1158,nan,0.4435,2.1064
35,9,4,nan,2.1587,1.954,nan,1.6712,1.4138,nan,1.7093,2.5572
35,10,5,nan,2.3372,2.0242,nan,3.1646,2.4637,nan,1.9538,4.7777
35,11,246,13.5462,13.5235,14.0923,13.7411,13.7188,15.5457,15.8928,13.9784,7.877
35,12,117,11.858,10.6136,10.0275,10.5268,11.9458,12.4977,10.5508,11.2589,17.4425
35,13,12,11.2354,8.9079,10.9013,11.1331,18.183,6.3342,7.9025,15.2578,11.2634
35,14,249,9.8625,9.9778,8.0249,8.9146,10.1982,7.126,9.5863,10.4679,14.6044
35,15,160,9.5245,9.3798,8.3031,8.2585,9.0179,9.5733,8.7957,9.9321,12.9358
35,16,71,9.3752,8.0531,5.8382,6.1977,7.675,9.7684,8.8876,10.7231,17.8588
35,17,204,9.3533,9.2738,5.13,7.4892,9.1798,11.7165,10.2809,9.4651,12.2913
35,18,216,9.2221,9.1357,10.3457,9.8132,9.7057,7.6544,8.4405,9.3193,9.3624
35,19,113,8.8223,8.1069,8.3043,8.6973,8.3947,9.0519,8.5556,8.8141,10.6533
35,20,16,7.824,7.995,8.5795,10.7645,7.7291,3.5373,6.8282,6.612,10.5468
36,1,148,12.5932,13.3766,12.4999,10.4725,17.1072,9.2958,13.2938,14.2689,10.4311
36,2,50,8.4871,7.6147,10.4041,8.265,5.3881,7.1149,9.6215,15.5611,3.9273
36,3,53,6.9265,7.8451,10.6194,4.1477,7.5794,10.3773,7.9046,3.986,2.9522
36,4,48,5.6377,7.2363,5.908,5.1638,6.1892,3.8692,5.8244,5.3317,5.5788
36,5,32,4.7063,5.6099,2.77,3.7766,5.1057,3.0016,3.6453,5.5424,8.1992
36,6,49,4.7006,6.5625,5.1695,4.8788,5.4158,3.4689,4.3272,3.5335,4.2484
36,7,38,3.3445,4.5149,3.1185,2.6649,2.7523,3.5892,3.3752,3.0395,3.7012
36,8,57,2.9156,2.7997,2.8522,2.9204,2.8025,3.8104,3.1362,1.5038,3.4994
36,9,52,2.9029,4.1606,2.4794,2.9383,2.7529,2.791,2.3606,1.9164,3.8242
36,10,42,2.4523,2.8003,2.7404,3.2126,2.5951,1.6161,2.5668,1.9498,2.1376
36,11,45,2.3911,2.173,3.2262,2.8307,1.2444,3.6102,0.8742,0.8004,4.3698
36,12,51,2.3897,2.3262,5.8671,3.1645,2.0128,1.4779,1.856,0.6989,1.714
36,13,40,2.3497,2.789,2.7925,5.4168,0.5633,1.4266,3.3224,0.4116,2.0755
36,14,55,2.1963,1.852,3.1332,3.0235,3.0692,0.7579,2.2273,1.3415,2.166
36,15,7,2.1884,3.787,0.4276,2.9509,0.8222,0.7586,3.0725,0.6922,4.9961
36,16,0,nan,1.7958,2.6947,nan,1.2542,0.4749,nan,0.2818,2.4177
36,17,1,nan,0.1802,1.8248,nan,1.2879,1.1339,nan,0.5558,1.1558
36,18,2,nan,9.8004,10.3089,nan,7.3777,4.909,nan,6.1093,5.1973
36,19,3,nan,1.9253,2.8371,nan,1.0216,1.7276,nan,0.1938,1.5377
36,20,4,nan,5.8313,6.554,nan,5.8244,4.0033,nan,4.6851,4.2683
37,1,93,2496.5267,455.6327,3993.7977,228.6245,1906.8449,935.9575,3303.3354,8941.1161,206.9047
37,2,40,13.0372,13.8617,20.0482,13.0656,8.9607,10.8951,11.0333,11.0195,15.4133
37,3,123,12.8652,12.662,14.7198,13.5517,13.7368,12.3058,11.8999,12.8247,11.2208
37,4,134,11.5852,9.872,13.7123,12.2348,11.5836,8.9749,9.5061,4.1126,22.6852
37,5,87,9.4685,9.5396,3.8007,9.7389,12.1449,11.4392,8.9567,6.7791,13.349
37,6,57,8.5774,7.8284,5.2706,7.6324,8.199,9.4434,10.6239,7.9284,11.6932
37,7,67,7.8336,7.6347,7.6185,7.4025,7.0551,8.3365,9.9876,7.5062,7.1274
37,8,102,7.6144,7.1472,8.8955,7.7735,8.1512,7.6476,7.1895,6.043,8.0681
37,9,68,7.4428,6.6935,9.228,7.6438,7.6291,6.7261,7.2306,6.9676,7.4241
37,10,80,7.0159,6.2552,7.3617,6.9338,7.9241,6.9668,7.3694,6.5127,6.8038
37,11,124,6.5475,7.0113,0.5561,8.9199,22.149,3.6483,2.9677,0.5133,6.6142
37,12,107,6.1349,5.8445,6.2217,5.7915,7.2619,6.0517,5.3924,6.4297,6.0862
37,13,60,6.0221,5.395,6.3387,5.7037,5.8747,6.8265,6.172,5.3951,6.4711
37,14,110,5.7762,6.1699,7.2072,5.6199,4.638,6.0221,6.5131,4.2249,5.8145
37,15,79,5.5363,9.0075,1.5389,0.6902,3.5374,10.5584,5.7244,3.9488,9.2845
37,16,62,5.496,4.8684,7.0642,5.8408,5.8914,5.9674,5.5351,3.317,5.4839
37,17,89,5.2546,5.0432,4.5882,4.8272,6.3719,5.9468,5.4517,4.4367,5.3709
37,18,37,5.2513,3.6509,4.0926,3.817,5.0848,9.4406,5.8643,3.7959,6.2643
37,19,122,4.8562,4.3671,5.4839,3.7668,4.8727,4.2086,6.824,4.2028,5.1238
37,20,36,4.7592,12.8455,2.7841,2.2839,3.3505,2.4059,0.6507,10.9103,2.8426
38,1,152,6283.0533,3890.4782,6529.1174,859.6138,4221.9448,6669.3219,13400.2438,13278.4384,1415.2678
38,2,33,9.4896,10.0427,13.2896,9.2412,9.3791,9.3782,8.6869,8.0108,7.8882
38,3,61,9.0204,9.1791,7.6867,8.0464,10.7641,9.2981,8.1367,9.2634,9.7885
38,4,8,8.8465,7.9638,9.8825,9.4809,8.7038,7.4762,8.8376,7.8761,10.5515
38,5,48,5.6858,6.1045,5.2493,4.3774,6.3071,6.0933,5.2555,5.0859,7.0139
38,6,38,4.439,5.7959,5.2231,4.5302,4.3785,3.6424,3.9736,4.1392,3.8292
38,7,42,4.2691,4.5948,4.108,4.8603,4.3991,4.0624,3.5153,3.8895,4.7235
38,8,49,3.3216,3.0644,3.2052,3.0254,4.047,3.0158,3.0755,1.5681,5.5713
38,9,40,3.0544,3.0925,3.1396,3.1876,3.7481,1.941,2.6884,1.531,5.1073
38,10,59,3.0418,3.1215,2.7883,4.1332,2.5843,4.583,3.4453,1.3883,2.2903
38,11,7,3.039,5.143,2.1431,1.9971,1.8299,6.7417,3.1436,1.3349,1.9784
38,12,0,nan,7.9112,6.206,nan,6.9299,7.2017,nan,7.8961,6.0484
38,13,1,nan,1.5231,2.2733,nan,1.1659,1.7748,nan,0.4426,1.9236
38,14,2,nan,3.7212,3.6328,nan,3.3637,2.9585,nan,2.3735,3.1533
38,15,3,nan,8.8503,5.0014,nan,8.5896,6.2635,nan,6.0997,6.2925
38,16,4,nan,1.8124,2.162,nan,1.042,1.4275,nan,0.8967,1.904
38,17,5,nan,1.9196,2.5188,nan,1.1891,3.6581,nan,0.3613,2.6512
38,18,87,13.3836,17.9213,29.0121,14.2131,6.4674,3.975,13.908,14.1801,7.3917
38,19,99,9.6895,4.4852,16.1596,17.2946,5.1948,6.02,16.1581,5.5426,6.6615
38,20,117,9.1997,10.046,9.0129,10.3217,8.5913,11.0295,10.948,2.2988,11.3493
39,1,64,199.1657,59.9584,76.7351,43.9772,307.3978,346.4964,151.2434,576.7415,30.7759
39,2,108,22.1374,0.0,0.0,3.2724,0.0,0.629,46.7289,0.6135,125.8554
39,3,132,17.5651,9.5169,27.5589,19.9214,12.7189,18.7811,24.9254,11.5398,15.5584
39,4,203,14.5324,14.6127,17.4361,14.7386,15.3976,13.6473,12.3111,9.5746,18.5409
39,5,118,14.3055,14.6086,10.8926,12.456,13.2024,11.0705,18.5243,14.7446,18.9451
39,6,225,14.1819,13.6796,11.2912,11.7852,14.2992,12.0268,12.8169,13.7745,23.7823
39,7,7,13.6615,14.4091,20.0652,15.1781,16.0988,11.4061,7.5262,13.2169,11.3916
39,8,0,nan,8.5139,4.0195,nan,7.6541,8.1058,nan,5.877,11.3684
39,9,1,nan,1.5855,1.4441,nan,1.6172,3.3837,nan,0.1263,2.3658
39,10,2,nan,4.6942,1.9127,nan,0.3733,1.1815,nan,0.0359,0.0
39,11,3,nan,3.5269,2.7058,nan,2.9595,3.4866,nan,2.5699,2.6715
39,12,4,nan,1.2064,1.6462,nan,3.9195,3.5674,nan,0.2415,2.1148
39,13,5,nan,2.9711,2.3614,nan,2.4202,2.7142,nan,0.8774,2.7914
39,14,173,13.5394,22.4712,4.2392,13.0017,14.2298,14.0031,12.4302,13.3201,14.6197
39,15,78,12.8915,12.5317,12.8937,12.1358,12.3622,9.8159,9.9557,12.879,20.5577
39,16,75,12.7569,13.2975,14.9574,13.6433,15.3233,10.546,8.9575,10.66,14.6699
39,17,220,12.7284,13.5044,11.4942,12.2713,12.6967,12.4966,12.3051,12.3153,14.7433
39,18,9,12.4759,5.8413,0.5427,4.8747,7.3093,5.988,7.7646,4.2462,63.2402
39,19,177,12.4612,8.6358,8.5266,10.2981,12.9801,13.8671,10.849,14.6436,19.8893
39,20,90,12.4584,10.2745,9.5929,8.9608,12.3587,11.5179,9.389,12.0769,25.4964
40,1,122,14.4028,15.3726,20.4447,17.8281,13.9298,10.1194,12.1465,15.2373,10.1439
40,2,212,12.0585,11.9124,14.8598,13.328,10.9684,12.487,12.4861,9.2718,11.1541
40,3,41,9.8544,10.3988,14.2887,13.7192,9.2279,6.562,7.8995,8.6022,8.137
40,4,107,9.1507,9.8398,17.0311,12.8899,8.5418,6.9206,5.522,6.701,5.7594
40,5,112,8.4948,8.6883,10.5226,9.2531,8.7907,6.162,7.1416,7.7135,9.6866
40,6,87,8.1239,9.0304,13.9599,11.4535,7.8037,7.701,4.6299,2.2761,8.1366
40,7,76,7.8055,8.9919,8.9534,8.9113,7.8758,6.1603,6.0831,8.2477,7.2203
40,8,78,7.3901,6.9153,9.4763,8.646,7.6771,7.7351,7.8753,3.0412,7.7545
40,9,73,7.0707,9.9524,5.4028,5.3062,8.2665,6.2223,5.589,5.1233,10.703
40,10,94,6.911,7.6344,12.3135,10.773,6.0356,5.406,5.5438,1.7897,5.7921
40,11,97,6.4267,6.6112,7.0915,8.1099,5.7784,6.1505,6.4185,2.4858,8.7682
40,12,91,5.9937,10.3156,4.0798,9.4827,6.1461,1.1472,6.3918,1.7837,8.603
40,13,7,5.2567,4.4068,4.7141,4.2881,5.4115,5.7307,6.1532,6.921,4.4281
40,14,0,nan,2.2884,2.3416,nan,2.121,1.602,nan,1.2181,2.0842
40,15,1,nan,11.7292,9.0992,nan,10.3068,7.5406,nan,11.0323,8.567
40,16,2,nan,2.5034,2.7407,nan,1.3878,0.8129,nan,0.6897,2.0227
40,17,3,nan,2.6343,2.3682,nan,2.2212,0.0866,nan,0.6912,2.1067
40,18,4,nan,2.2746,1.4329,nan,1.0271,0.9843,nan,0.2883,2.1147
40,19,5,nan,5.9343,3.7631,nan,5.7661,8.2772,nan,3.7381,4.5787
40,20,29,4529.143,5068.7702,2271.1576,580.8803,6108.5689,7407.2325,3924.1497,10010.0057,862.3788
41,1,154,2061.7359,2099.1238,2428.0349,1518.4594,2725.7287,2054.3848,2000.3647,2574.7912,1092.9998
41,2,105,135.4242,7.5279,7.304,9.3588,4.2508,10.274,124.1423,4.5419,915.9942
41,3,143,105.5993,2.563,3.8546,3.8068,0.5654,624.6708,206.8576,0.244,2.232
41,4,46,18.9636,11.2468,5.3709,11.6892,10.9804,10.6221,20.815,10.4824,70.5021
41,5,168,16.3707,16.5427,26.7774,20.1875,14.6009,11.6746,12.2786,14.5737,14.3301
41,6,153,13.289,18.8931,13.2527,13.8839,15.8541,7.199,9.8713,14.9311,12.427
41,7,138,12.7759,14.3376,14.3088,13.5121,11.3411,10.9313,11.695,12.2678,13.8135
41,8,160,11.6776,11.2698,16.0126,13.26,9.9047,9.9244,11.527,10.0719,11.4503
41,9,34,11.1652,15.9505,0.0506,2.1152,23.9852,19.8742,24.2178,0.9309,2.197
41,10,59,10.8758,11.7177,18.3683,12.9682,9.5875,7.3502,8.2342,10.0163,8.7642
41,11,202,10.6015,17.8323,11.2304,9.066,8.5906,8.9262,9.5038,9.0937,10.5694
41,12,140,10.3632,11.7197,18.2903,12.9178,8.2639,7.3824,7.646,10.4989,6.1864
41,13,164,10.1919,11.3413,12.0744,10.0809,8.8527,7.7403,11.335,9.7011,10.4096
41,14,156,9.8113,9.4738,12.8507,11.1861,7.8377,10.9133,8.4274,6.832,10.9697
41,15,54,9.5533,10.569,9.91,10.9313,8.6376,10.0793,8.2376,10.2979,7.7639
41,16,214,9.1472,9.838,11.1942,10.0618,8.384,7.6093,8.8525,8.6803,8.5578
41,17,232,9.0537,7.5944,10.0656,8.652,6.4492,8.3742,8.7888,8.7891,13.7163
41,18,169,8.7608,5.746,4.9083,4.3393,21.4509,10.2061,4.9654,5.5853,12.8848
41,19,142,8.7228,9.7935,11.2466,9.8847,5.9989,6.5569,8.6872,7.469,10.1454
41,20,155,8.6398,7.7073,10.743,8.7756,7.1538,10.4093,9.2125,6.1617,8.9553
42,1,164,659.5333,1.0466,0.0,92.7134,241.9353,3319.9424,1607.6082,13.0209,0.0
42,2,41,28.4464,17.3071,19.0863,18.8729,20.1735,11.3597,16.7399,21.8056,102.2258
42,3,112,27.5229,27.2721,40.0074,29.4058,23.6578,18.0238,23.8726,22.3131,35.6307
42,4,79,25.7534,21.9354,30.4299,22.7763,23.1073,13.8692,25.8249,23.3952,44.6887
42,5,34,23.7475,23.5726,30.8666,25.5391,21.2206,13.5747,21.5813,23.496,30.1294
42,6,52,23.1557,18.1447,20.3158,30.2598,20.0266,33.0097,19.1396,8.0166,36.3324
42,7,73,21.1384,19.91,30.5552,25.5371,12.5215,21.5714,17.6535,19.8122,21.5465
42,8,101,20.056,20.1121,30.8277,22.4675,17.9399,11.4285,20.0729,18.4553,19.1442
42,9,78,16.8392,15.5288,17.5587,14.6276,16.7682,13.2285,14.9089,16.3965,25.6963
42,10,63,15.0443,14.4604,18.5592,16.1929,13.0644,16.0335,15.4694,11.0759,15.4992
42,11,119,14.6359,13.4015,19.5979,15.5452,13.9201,11.7206,12.911,13.489,16.502
42,12,81,13.8985,12.518,17.5172,13.6327,13.029,10.1348,14.3068,13.2759,16.7738
42,13,123,13.2996,13.6179,14.7587,14.1863,13.7925,12.1282,13.8234,13.5954,10.4942
42,14,92,12.9475,13.6495,12.2763,10.6402,12.5907,13.1742,10.8244,13.1967,17.2278
42,15,71,12.6993,7.4641,8.3329,7.9553,16.7321,15.8068,15.6399,9.6605,20.0027
42,16,84,12.3812,21.2501,16.6872,12.1215,9.138,8.7347,13.1631,6.5863,11.3685
42,17,47,11.3842,16.4999,14.6871,13.3288,9.7927,9.1581,8.9798,6.1215,12.5054
42,18,107,11.3079,11.7975,13.6666,11.8616,11.7392,8.5844,9.54,11.7429,11.5312
42,19,36,11.218,7.1514,2.7809,6.6995,20.5855,4.6862,11.2665,18.8339,17.7403
42,20,104,11.2125,31.6515,0.5121,7.8617,6.5698,18.5002,24.3818,0.2231,0.0
